"PDB","Virus","Variant","Domain","Antibody","Receptor/Other","Resolution","Release Date","Reference"
"9ml9","SARS-CoV-2","Orig","RBD","M8b-C9 Fab","null","2.59","2025-06-04","40402246"
"9ml8","SARS-CoV-2","Orig","RBD","M8b-B1 Fab","null","2.4","2025-06-04","40402246"
"9ml7","SARS-CoV-2","none","full","M8b-C10 Fab","null","3.2","2025-06-04","40402246"
"9ml6","SARS-CoV-2","none","full","M8b-C9 Fab","null","3.5","2025-06-04","40402246"
"9ml5","SARS-CoV-2","none","full","M8b-B8 Fab","null","3.4","2025-06-04","40402246"
"9ml4","SARS-CoV-2","none","full","M8b-A10 Fab","null","3.3","2025-06-04","40402246"
"9ixv","MERS-CoV","null","NTD","KNIH-88 Fab","null","3.11","2025-04-30","40241666"
"8z9l","SARS-CoV-2","Orig","RBD","null","ACE2","3.6","2025-04-30","null"
"8z2e","SARS-CoV-2","Orig","RBD","Tnb04-1, 1F11","null","2.3","2025-04-23","null"
"9dhy","SARS-CoV-2","Orig","full","COVIC-154 Fab","null","2.7","2025-04-16","40184253"
"9bea","SARS-CoV-2","Wild","full","null","null","3.85","2025-04-16","null"
"9bd9","SARS-CoV-2","Wild","full","null","null","2.95","2025-04-16","null"
"9bbk","SARS-CoV-2","Orig","full","null","null","2.95","2025-04-16","null"
"9b9u","SARS-CoV-2","Orig","full","null","null","2.86","2025-04-16","null"
"9b8f","SARS-CoV-2","Orig","full","null","null","4.15","2025-04-16","null"
"9b4x","SARS-CoV-2","Orig","full","null","null","3.33","2025-04-16","null"
"8yzb","SARS-CoV-2","Omicron BA.2.86","RBD","null","ACE2","3.29","2025-04-09","null"
"8yzc","SARS-CoV-2","Omicron BA.2.86","full","null","ACE2","2.7","2025-01-22","null"
"8yzd","SARS-CoV-2","Omicron JN.1","RBD","null","ACE2","3.07","2025-01-22","null"
"8yze","SARS-CoV-2","Omicron JN.1","full","null","ACE2","3.06","2025-01-22","null"
"8yzj","BatCoV BANAL-52","null","RBD","null","hACE2","2.95","2025-04-09","null"
"9lyp","SARS-CoV-2","Alpha","RBD","REGN10987","null","3.6","2025-04-02","40043614"
"9lyo","SARS-CoV-2","Alpha","full","REGN10987","null","3.07","2025-04-02","40043614"
"9gxg","SARS-CoV-2","Orig","RBD","bicycle molecule","null","1.92","2025-03-26","null"
"9gxe","SARS-CoV-2","Orig","full","bicycle molecule","null","2.3","2025-03-26","null"
"9l6c","SARS-CoV-2","Delta","RBD","ConD-852, P2C-1F11, S304","null","3.33","2025-03-19","null"
"9fr4","SARS-CoV-2","none","RBD","7F","null","4.1","2025-03-19","null"
"9fr3","SARS-CoV-2","none","full","7F","null","3.3","2025-03-19","null"
"8vpf","SARS-CoV","null","full","CoV1-65 Fab","null","3.2","2025-03-19","39589795"
"9j66","SARS-CoV-2","Orig","RBD","CAV-C65 Fab","null","3.55","2025-03-12","39828085"
"9ccj","SARS-CoV-2","Omicron XBB.1.5","RBD","M2","null","2.37","2025-03-12","39071292"
"9cci","SARS-CoV-2","Omicron XBB.1.5","RBD","M39","null","2.65","2025-03-12","39071292"
"9bll","SARS-CoV-2","Omicron EG.5.1","RBD","1301B7","null","4.1","2025-03-12","39553825"
"8ykh","SARS-CoV-2","none","RBD","NT-108","null","3.27","2025-03-12","null"
"8ykg","SARS-CoV-2","none","full","NT-108","null","3.28","2025-03-12","null"
"8yk4","SARS-CoV-2","Orig","RBD","NT-108","null","3.2","2025-03-12","null"
"9n2l","SARS-CoV-2","Orig","RBD","null","null","2.99","2025-03-05","null"
"9cxe","SARS-CoV-2","none","full","null","null","2.48","2025-03-05","null"
"9cvh","SARS-CoV-2","Orig","full","null","null","2.76","2025-03-05","null"
"9ct2","SARS-CoV-2","Orig","full","null","null","2.7","2025-03-05","null"
"9css","SARS-CoV-2","Orig","full","null","null","2.72","2025-03-05","null"
"9bj4","SARS-CoV-2","none","full","C952","null","3.4","2025-03-05","null"
"9bj3","SARS-CoV-2","none","full","C1596","null","3.04","2025-03-05","null"
"9bj2","SARS-CoV-2","none","RBD","C1533","null","2.8","2025-03-05","null"
"9b2v","SARS-CoV-2","Orig","full","null","null","2.55","2025-03-05","null"
"9b0y","SARS-CoV-2","Orig","full","null","null","2.32","2025-03-05","null"
"8ybz","SARS-CoV-2","Orig","full","THSC20.HVTR26","null","4.8","2025-02-19","null"
"8yby","SARS-CoV-2","Orig","full","THSC20.HVTR26","null","4.4","2025-02-19","null"
"8ybs","SARS-CoV-2","Orig","full","THSC20.HVTR04","null","4.54","2025-02-19","null"
"9lae","SARS-CoV-2","Orig","RBD","9G11, 3E2","null","3.46","2025-02-12","39470577"
"8xsd","SARS-CoV-2","Omicron BA.5","full","CR9","null","3.55","2025-02-12","39800731"
"8z64","SARS-CoV-2","Orig","RBD","","ACE2","3.53","2025-02-05","null"
"8z7p","SARS-CoV-2","Orig","full","null","null","3.45","2025-02-05","null"
"8z7l","SARS-CoV-2","Orig","full","null","null","3.42","2025-02-05","null"
"8z7g","SARS-CoV-2","Orig","full","null","null","3.06","2025-02-05","null"
"8z7b","SARS-CoV-2","Orig","B,C","null","hACE2","3.3","2025-02-05","null"
"8z6a","SARS-CoV-2","Orig","full","null","ACE2","2.99","2025-02-05","null"
"8z4x","SARS-CoV-2","Orig","full","null","ACE2","3.4","2025-02-05","null"
"8z3w","SARS-CoV-2","Orig","full","null","ACE2","3.45","2025-02-05","null"
"9aru","SARS-CoV-2","none","full","COVA2-15","null","3.9","2025-01-29","39563066"
"9js4","SARS-CoV-2","Omicron BA.1","RBD","8G3","null","3.8","2025-01-22","null"
"8xyo","BatCov CX1","none","RBD","null","hACE2","3.04","2025-01-22","null"
"8xal","SARS-CoV-2","Omicron BQ.1","full","","ACE2","3.2","2025-01-22","null"
"8ydz","SARS-CoV-2","Omicron BA.5","full","CeSPIACE","null","5.2","2025-01-15","null"
"8ydy","SARS-CoV-2","Omicron BA.5","full","CeSPIACE","null","8.0","2025-01-15","null"
"8ydx","SARS-CoV-2","Omicron BA.2","full","CeSPIACE","null","4.9","2025-01-15","null"
"8ydt","SARS-CoV-2","none","RBD","Ce41","null","2.5","2025-01-15","null"
"8yds","SARS-CoV-2","none","RBD","Ce59","null","1.9","2025-01-15","null"
"8ydr","SARS-CoV-2","Alpha","RBD","Ce59","null","2.3","2025-01-15","null"
"8ydp","SARS-CoV-2","none","RBD","Ce9","null","2.3","2025-01-15","null"
"8zpp","SARS-CoV-2","Omicron BA.5","RBD","ORB10","null","3.6","2024-12-25","null"
"8v5v","SARS-CoV-2","none","S2","null","null","2.93","2024-12-18","null"
"8jap","SARS-CoV-2","Orig","RBD","W328-6H2","null","3.81","2024-12-18","null"
"8jam","SARS-CoV-2","Omicron BA.1","RBD","W328-6H2","null","3.92","2024-12-18","null"
"8jag","SARS-CoV","null","RBD","W328-6H2","null","3.55","2024-12-18","null"
"8rby","SARS-CoV-2","Orig","RBD","1.26","null","1.9","2024-12-11","null"
"8r87","SARS-CoV-2","none","full","null","null","3.0","2024-12-11","null"
"9b82","SARS-CoV-2","Orig","RBD","COVA2-15","null","3.38","2024-12-04","39563066"
"8usz","SARS-CoV-2","Omicron XBB.1.5","full","null","null","2.98","2024-12-04","39567521"
"9cri","SARS-CoV-2","Mu","full","null","null","2.8","2024-11-27","39543395"
"9crh","SARS-CoV-2","Delta","full","null","null","3.4","2024-11-27","39543395"
"9crg","SARS-CoV-2","Gamma","full","null","null","3.3","2024-11-27","39543395"
"9crf","SARS-CoV-2","Alpha","full","null","null","4.0","2024-11-27","39543395"
"9cre","SARS-CoV-2","Alpha","full","null","null","3.2","2024-11-27","39543395"
"9crd","SARS-CoV-2","Orig","full","null","null","3.5","2024-11-27","39543395"
"9crc","SARS-CoV-2","Orig","full","null","null","2.9","2024-11-27","39543395"
"8rj7","SARS-CoV-2","Orig","RBD","1.29","null","2.1","2024-11-27","null"
"9co8","SARS-CoV-2","Omicron JN.1","full","Nanosota-9","null","2.99","2024-11-20","null"
"9co7","SARS-CoV-2","Omicron BA.5","RBD","Nanosota-9","null","3.32","2024-11-20","null"
"9co6","SARS-CoV-2","Omicron BA.5","full","Nanosota-9","null","3.01","2024-11-20","null"
"9c45","SARS-CoV-2","none","NTD","S2L20","null","3.2","2024-11-20","39478224"
"9c44","SARS-CoV-2","none","full","S2L20","null","2.6","2024-11-20","39478224"
"8xz9","SARS-CoV-2","Omicron BA.2.86","full ACE2","null","null","3.37","2024-11-13","null"
"9gdy","SARS-CoV-2","Beta","full","null","null","2.8","2024-10-30","39345408"
"9gdx","SARS-CoV-2","Beta","full","null","null","2.8","2024-10-30","39345408"
"8rrn","SARS-CoV-2","Orig","RBD","pT1616","null","3.11","2024-10-30","null"
"8yft","SARS-CoV-2","Alpha","RBD ACE2","null","racoon dog ACE2","3.16","2024-10-23","null"
"8yf2","SARS-CoV-2","Orig","RBD","null","racoon dog ACE2","2.64","2024-10-23","null"
"8via","SARS-CoV-2","Orig","R1-26","Fab","null","3.6","2024-10-23","38464151"
"8wpy","SARS-CoV-2","Orig","RBD","CB6, S309, S304 Fab, Fab, Fab","null","3.02","2024-10-16","null"
"9atp","SARS-CoV-2","Omicron XBB.1.5","RBD","Nanosota-3C","null","3.5","2024-09-18","null"
"9ato","SARS-CoV-2","Omicron XBB.1.5","full","Nanosota-3C","null","3.2","2024-09-18","null"
"8zes","SARS-CoV-2","Wild","RBD","P2C5","null","3.7","2024-09-04","null"
"8zer","SARS-CoV-2","Wild","RBD","P2C5","null","3.1","2024-09-04","null"
"8keh","SARS-CoV-2","Omicron XBB","full","PW5-5","null","3.21","2024-09-04","38320990"
"8ug9","SARS-CoV-2","Omicron XBB.1.5","full","Nb5","null","3.49","2024-08-28","null"
"8zhp","SARS-CoV-2","Orig","S1","H18, R1-26","null","3.66","2024-08-21","null"
"8zho","SARS-CoV-2","Orig","S1","H18, R1-26","null","3.54","2024-08-21","null"
"8zhn","SARS-CoV-2","none","full","H18, R1-32","null","4.12","2024-08-21","null"
"8zhm","SARS-CoV-2","none","full","H18, R1-32,","null","3.39","2024-08-21","null"
"8zhl","SARS-CoV-2","none","full","H18, R1-32","null","3.96","2024-08-21","null"
"8zhk","SARS-CoV-2","none","full","H18","null","6.3","2024-08-21","null"
"8zhj","SARS-CoV-2","none","full","H18","null","8.45","2024-08-21","null"
"8zhi","SARS-CoV-2","none","full","H18","null","6.05","2024-08-21","null"
"8zhh","SARS-CoV-2","none","full","H18","null","5.55","2024-08-21","null"
"8zhg","SARS-CoV-2","none","RBD","R1-26","null","3.51","2024-08-21","null"
"8zhf","SARS-CoV-2","none","full","R1-26","null","5.26","2024-08-21","null"
"8zhe","SARS-CoV-2","none","full","R1-26, R1-26, R1-26","null","3.16","2024-08-21","null"
"8zhd","SARS-CoV-2","none","full","R1-26, R1-26","null","3.41","2024-08-21","null"
"9fmw","SARS-CoV-2","Omicron BA.1","full","K501SP6","null","3.60","2025-06-18","null"
"9fjk","SARS-CoV-2","Omicron BA.1","full","K501SP6","null","2.84","2024-08-14","null"
"8ker","SARS-CoV-2","Omicron XBB","full","PW5-535","null","2.95","2024-08-14","38320990"
"8keq","SARS-CoV-2","Omicron XBB","full","PW5-5","null","3.14","2024-08-14","38320990"
"8kep","SARS-CoV-2","Omicron BA.1","A","PW5-570","null","2.93","2024-08-14","38320990"
"8keo","SARS-CoV-2","Omicron BA.1","full","PW5-570","null","2.78","2024-08-14","38320990"
"8kek","SARS-CoV","null","A","PW5-535","null","3.54","2024-08-14","38320990"
"8kej","SARS-CoV-2","Omicron XBB","A","PW5-5","null","3.73","2024-08-14","38320990"
"8kdt","SARS-CoV","null","A","PW5-535","null","3.04","2024-08-14","38320990"
"8kds","SARS-CoV","null","full","PW5-535","null","3.05","2024-08-14","38320990"
"8kdr","SARS-CoV-2","Omicron XBB","A","PW5-535","null","3.4","2024-08-14","38320990"
"8kdm","SARS-CoV","null","full","PW5-535","null","2.87","2024-08-14","38320990"
"8sdh","SARS-CoV-2","Orig","RBD","CC25.56","null","2.84","2024-08-07","37162858"
"8ywx","SARS-CoV-2","Omicron BA.5","RBD","H4B6","null","3.4","2024-07-31","38953857"
"8vcr","SARS-CoV-2","none","S2","54043-5","null","3.0","2024-07-31","null"
"8tmy","SARS-CoV-2","Omicron BA.2","S2","CHM-16","null","3.07","2024-07-31","null"
"8k9m","SARS-CoV-2","Orig","RBD","SC27","null","6.8","2024-07-31","null"
"8k9j","SARS-CoV-2","Orig","full","S2H5","null","6.6","2024-07-31","null"
"8k9b","SARS-CoV-2","Orig","full","S2H5","null","4.5","2024-07-31","null"
"8w4f","SARS-CoV-2","none","full","null","null","4.2","2024-07-24","38000614"
"8vqb","SARS-CoV-2","none","full","null","null","3.0","2024-07-24","38944664"
"8vqa","SARS-CoV-2","none","full","null","null","3.5","2024-07-24","38944664"
"8vq9","SARS-CoV-2","none","full","null","null","2.7","2024-07-24","38944664"
"8vke","SARS-CoV-2","Omicron BA.1","full","null","null","3.1","2024-07-24","null"
"8vif","SARS-CoV-2","Omicron BA.1","full","null","null","3.1","2024-07-24","null"
"8y0y","SARS-CoV-2","Orig","full","123-316 scDb","null","2.86","2024-07-17","38850530"
"8xsl","SARS-CoV-2","Orig","full IMCAS-123 fab","null","null","3.2","2024-07-17","38850530"
"8xsi","SARS-CoV-2","Orig","RBD","IMCAS-364","null","2.1","2024-07-17","38850530"
"8xsf","SARS-CoV-2","Orig","RBD","IMCAS-364","ACE2","2.16","2024-07-17","38850530"
"8xse","SARS-CoV-2","Orig","RBD","IMCAS-123, IMCAS-72 Fab, Fab","null","2.5","2024-07-17","38850530"
"8thf","SARS-CoV-2","Omicron BA.1","full","","null","2.83","2024-07-17","null"
"8q5y","SARS-CoV-2","Omicron","full","Fab23","null","2.6","2024-07-17","null"
"8xki","SARS-CoV-2","none","full","VHH60","null","3.2","2024-07-10","38937437"
"8xk2","SARS-CoV-2","Orig","S1","VHH60","null","3.4","2024-07-10","38937437"
"8wzi","SARS-CoV-2","Orig","full","null","null","3.0","2024-07-10","38935342"
"8vao","SARS-CoV-2","none","full","null","null","2.8","2024-07-10","null"
"8xyz","SARS-CoV-2","none","RBD","","ACE2","2.96","2024-07-03","null"
"8xnk","SARS-CoV-2","Omircon HV.1","full","","ACE2","2.78","2024-07-03","null"
"8xn5","SARS-CoV-2","Omicron EG.5.1","full","","ACE2","2.87","2024-07-03","null"
"8xmt","SARS-CoV-2","Omicron EG.5.1","full","","ACE2","3.31","2024-07-03","null"
"8xmg","SARS-CoV-2","Omicron HV.1","full","null","null","2.9","2024-07-03","null"
"8xm5","SARS-CoV-2","Omicron EG.5","full","null","null","2.61","2024-07-03","null"
"8oyt","SARS-CoV-2","Omicron BA.1","full","H6","","3.8","2024-07-03","38835241"
"8xxw","SARS-CoV-2","Orig","RBD","M2-7","null","3.03","2024-06-19","38748880"
"8xbf","SARS-CoV-2","Omicron BQ.1","full","O5C2","null","3.6","2024-06-19","null"
"8ukf","SARS-CoV-2","Omicron EG.5","full","","null","3.1","2024-06-19","null"
"8ukd","SARS-CoV-2","Omicron XBB.1.5","full","","null","2.9","2024-06-19","null"
"8qh0","SARS-CoV-2","none","RBD","Cv2.3194","","1.87","2024-06-19","null"
"9fgs","SARS-CoV-2","Wild","RBD scFv41N Fab","","null","4.0","2024-06-12","null"
"9ayy","SARS-CoV-2","Omicron EG.5.1","full","null","null","3.1","2024-06-12","null"
"9ayx","SARS-CoV-2","Omicron EG.5.1","full","null","null","3.0","2024-06-12","null"
"9ayw","SARS-CoV-2","Omicron EG.5.1","full","null","null","3.0","2024-06-12","null"
"8v0x","SARS-CoV-2","Omicron EG.5","full","null","null","3.3","2024-06-12","null"
"8v0w","SARS-CoV-2","Omicron EG.5","full","null","null","3.3","2024-06-12","null"
"8v0v","SARS-CoV-2","Omicron EG.5","full","null","null","3.1","2024-06-12","null"
"8v0u","SARS-CoV-2","Omicron XBB.1.5","full","null","null","3.3","2024-06-12","null"
"8v0t","SARS-CoV-2","Omicron XBB.1.5","full","null","null","3.1","2024-06-12","null"
"8v0s","SARS-CoV-2","Omicron XBB.1.5","full","null","null","3.3","2024-06-12","null"
"8v0r","SARS-CoV-2","Omicron XBB.1.5","full","null","null","3.0","2024-06-12","null"
"8v0q","SARS-CoV-2","Omicron XBB.1.16","full","null","null","3.9","2024-06-12","null"
"8v0p","SARS-CoV-2","Omicron XBB.1.16","full","null","null","3.3","2024-06-12","null"
"8v0o","SARS-CoV-2","Omicron XBB.1.16","full","null","null","3.3","2024-06-12","null"
"8v0n","SARS-CoV-2","Omicron XBB.1.16","full","","null","3.4","2024-06-12","null"
"8v0m","SARS-CoV-2","Omicron XBB.1.16","full","null","null","3.2","2024-06-12","null"
"8v0l","SARS-CoV-2","Omicron XBB.1.16","full","null","null","3.0","2024-06-12","null"
"8uk1","SARS-CoV-2","Omicron XBB.1.16","full","null","null","3.0","2024-06-12","null"
"8uir","SARS-CoV-2","Omicron XBB.1.16","full","null","null","3.2","2024-06-12","null"
"8jmm","SARS-CoV-2","Omicron XBB","full","G7-Fc","null","3.75","2024-06-12","null"
"9fgr","SARS-CoV-2","Wild","RBD","scFv76-77","null","4.0","2024-06-05","null"
"8yz6","SARS-CoV-2","Omicron BA.1","full","JH-8B","null","4.55","2024-06-05","null"
"8yz5","SARS-CoV-2","Delta","full","JE-5C","null","3.93","2024-06-05","null"
"8yrp","SARS-CoV-2","Delta","full","JM-1A","null","3.64","2024-06-05","null"
"8yro","SARS-CoV-2","Delta","full","JL-8C","null","3.27","2024-06-05","null"
"8x0y","SARS-CoV-2","Orig","RBD","JM-1A","null","1.94","2024-06-05","null"
"8x0x","SARS-CoV-2","Orig","RBD","JE-5C","null","3.45","2024-06-05","null"
"8p5m","SARS-CoV-2","Orig","RBD","Mab-23","null","2.8","2024-06-05","null"
"8hld","SARS-CoV-2","Orig","full","26434","null","2.8","2024-06-05","null"
"8hlc","SARS-CoV-2","Orig","full","3711","null","2.8","2024-06-05","null"
"8zc6","SARS-CoV-2","Omicron BA.4","full","D1F6","null","6.85","2024-05-29","null"
"8zc2","SARS-CoV-2","Omicron BA.2","full","D1F6","null","7.82","2024-05-29","null"
"8jio","SARS-CoV-2","Omicron XBB","full","6l18","null","3.3","2024-05-29","null"
"8jin","SARS-CoV-2","Omicron XBB","full","G7-Fc","null","2.45","2024-05-29","null"
"8swh","SARS-CoV-2","none","NTD","TXG-0078","null","3.88","2024-05-22","null"
"8jva","SARS-CoV-2","Omicron","NTD","N235, S2L20","null","2.81","2024-05-22","38740785"
"8c2r","SARS-CoV-2","Omicron BA.1","full","CAB-Ab712","null","2.56","2024-05-22","null"
"8zc4","SARS-CoV-2","Omicron BA.4","full","D1F6","null","3.95","2024-05-15","null"
"8zc3","SARS-CoV-2","Omicron BA.4","full","D1F6","null","4.69","2024-05-15","null"
"8zc0","SARS-CoV-2","Omicron BA.2","full","D1F6","null","4.17","2024-05-15","null"
"8zbz","SARS-CoV-2","Omicron BA.2","full","D1F6","null","4.71","2024-05-15","null"
"8zby","SARS-CoV-2","Omicron BA.1","full","D1F6","null","3.67","2024-05-15","null"
"8oyu","SARS-CoV-2","Omicron BA.1","full","H6","null","4.0","2024-05-15","null"
"8r80","SARS-CoV-2","Delta","RBD","XBB-9","null","4.03","2024-05-08","null"
"8r8k","SARS-CoV-2","Omicron BA.2.12.1","RBD","XBB-4","null","3.41","2024-05-08","null"
"8qrg","SARS-CoV-2","Delta","RBD","XBB-2","null","2.3","2024-05-08","null"
"8qrf","SARS-CoV-2","Delta","RBD","XBB-6, beta-49","null","3.7","2024-05-08","null"
"8oww","SARS-CoV-2","Wild","RBD B5-5 VHH","null","null","1.969","2024-05-08","null"
"8owv","SARS-CoV-2","null","RBD","H6, F2","null","1.73","2024-05-08","null"
"8owt","SARS-CoV-2","null","RBD A8, H3","VHH, VHH","null","2.37","2024-05-08","null"
"8xln","SARS-CoV-2","Omicron XBB EG.5.1","RBD","","ACE2","3.78","2024-05-01","null"
"8xlm","SARS-CoV-2","Omicron XBB EG.5.1","full","","ACE2","3.22","2024-05-01","null"
"8xi6","SARS-CoV-2","Omicron BQ.1.1","full","MO11","null","2.3","2024-04-24","38624232"
"8xea","SARS-CoV-2","Omicron XBB.1.5","full","BD55-1205","null","3.42","2024-04-24","null"
"8wmf","SARS-CoV-2","Omicron EG.5.","full","null","null","2.51","2024-04-24","null"
"8wmd","SARS-CoV-2","Omicron EG.5.1","full","null","null","2.71","2024-04-24","null"
"8khc","SARS-CoV-2","none","full","5817","null","3.0","2024-04-17","38175758"
"8f2x","SARS-CoV-2","Orig","RBD","WRAIR-2123","null","3.501","2024-04-17","null"
"8qzr","SARS-CoV-2","Delta","RBD","BA.4/5-9","null","3.77","2024-04-03","null"
"8wlr","SARS-CoV-2","none","RBD","","ACE2","3.12","2024-03-27","null"
"8wlo","SARS-CoV-2","none","full","","ACE2","2.62","2024-03-27","null"
"8vyg","SARS-CoV-2","Lambda","RBD","S309","null","3.1","2024-03-27","38467646"
"8vyf","SARS-CoV-2","none","RBD","S2L20, S2X303","null","3.2","2024-03-27","38467646"
"8vye","SARS-CoV-2","none","RBD","S309, S2L20, S2X303","null","2.7","2024-03-27","38467646"
"7xog","SARS-CoV-2","none","full","RQ3013","null","3.5","2024-03-20","37993332"
"8sit","SARS-CoV-2","Orig","RBD","CC84.24","null","2.91","2024-03-13","null"
"8sis","SARS-CoV-2","Orig","RBD","CC84.2","null","3.08","2024-03-13","null"
"8sir","SARS-CoV-2","Orig","RBD","CC25.54","null","3.3","2024-03-13","null"
"8siq","SARS-CoV-2","Orig","RBD","CC25.36, CV38-142","null","2.5","2024-03-13","null"
"8sdg","SARS-CoV-2","Orig","RBD","CC25.43","null","2.71","2024-03-13","null"
"8sdf","SARS-CoV-2","Orig","RBD","CC25.4","null","1.79","2024-03-13","null"
"8r1d","SARS-CoV-2","Omicron BA.2.12.1","full","SD1-3","null","2.37","2024-03-13","null"
"8r1c","SARS-CoV-2","Omicron BA.2.12.1","full","SD1-2","null","2.2","2024-03-13","null"
"8gdr","SARS-CoV-2","none","full","002-S21B10","null","3.6","2024-03-13","null"
"8wgw","SARS-CoV-2","none","RBD","","ACE2","2.9","2024-02-28","null"
"8wgv","SARS-CoV-2","Omicron BA.2","S2","","ACE2","2.92","2024-02-28","null"
"8ifn","MERS-CoV","null","full","T148","null","2.81","2024-02-28","null"
"8iee","MERS-CoV","null","RBD","VHH-31","null","3.21","2024-02-28","null"
"8ido","MERS-CoV","null","RBD","T148","null","2.5","2024-02-28","null"
"8idm","MERS-CoV","null","RBD","VHH-227, VHH-T71","null","3.59","2024-02-28","null"
"8idi","MERS-CoV","null","RBD","T171","null","1.901","2024-02-28","null"
"8cma","SARS-CoV-2","Delta","RBD","BA.4/5-35","null","3.29","2024-02-28","null"
"8g79","SARS-CoV-2","none","RBD","Nb4, Nb3","null","6.1","2024-02-21","null"
"8g78","SARS-CoV-2","none","RBD","Nb5, Nb6","null","3.4","2024-02-21","null"
"8g77","SARS-CoV-2","none","full","Nb6","null","2.8","2024-02-21","null"
"8g76","SARS-CoV-2","none","full","Nb5","null","3.8","2024-02-21","null"
"8g71","SARS-CoV-2","none","full","Nb2","null","2.1","2024-02-21","null"
"8g70","SARS-CoV-2","none","full","Nb3, Nb4, Nb5, Nb6","null","3.4","2024-02-21","null"
"8g7c","SARS-CoV-2","none","RBD","Nb4","null","4.1","2024-02-21","null"
"8g7b","SARS-CoV-2","none","RBD","Nb3","null","3.2","2024-02-21","null"
"8g7a","SARS-CoV-2","none","RBD","Nb3","null","3.3","2024-02-21","null"
"8cin","SARS-CoV-2","Omicron BA.4","full","BA.4/5-5","null","2.7","2024-02-21","null"
"8cii","SARS-CoV-2","Delta","RBD","BA.2-07, SARS1-34, C1","null","2.7","2024-02-21","null"
"8vko","SARS-CoV-2","Omicron XBB.1.5","full","","ACE2","2.68","2024-02-14","null"
"8vkm","SARS-CoV-2","Omicron XBB.1.5","full","","ACE2","2.83","2024-02-14","null"
"8vkl","SARS-CoV-2","Omicron XBB.1.5","full","","ACE2","2.91","2024-02-14","null"
"8vkk","SARS-CoV-2","Omicron XBB.1.5","full","null","null","2.81","2024-02-14","null"
"7xoe","SARS-CoV-2","Alpha","full","null","null","3.9","2024-02-14","37993332"
"8tyo","SARS-CoV-2","Beta","full","null","null","2.75","2024-02-07","38263191"
"8tyl","SARS-CoV-2","Wild","full","null","null","2.85","2024-02-07","38263191"
"8i9b","SARS-CoV-2","Omicron BA.2.75","full","","ACE2","3.5","2024-02-07","null"
"8i9c","SARS-CoV-2","Omicron BF.7","full","","ACE2","3.85","2024-02-07","null"
"8i9d","SARS-CoV-2","Omicron XBB.1","full","","ACE2","3.95","2024-02-07","null"
"8i9f","SARS-CoV-2","Omicron BA.2.75","RBD","","ACE2","2.90","2024-02-07","null"
"8i9g","SARS-CoV-2","Omicron BF.7","RBD","","ACE2","3.20","2024-02-07","null"
"8cbf","SARS-CoV-2","Delta","RBD","Omi-42, Beta-49","null","2.33","2024-02-07","null"
"8cbe","SARS-CoV-2","Delta","RBD","BA.4/5-2, Beta-49","null","3.16","2024-02-07","null"
"8cbd","SARS-CoV-2","Delta","RBD","BA.4/5-1, EY6A","null","3.52","2024-02-07","null"
"8qq0","SARS-CoV-2","none","RBD","UZGENT_A3","null","3.5","2024-01-31","38232633"
"8qpr","SARS-CoV-2","none","RBD","UZGENT_G5","null","3.8","2024-01-31","38232633"
"8ka8","SARS-CoV-2","Delta","RBD","","ACE2","2.96","2024-01-31","null"
"8i4h","SARS-CoV-2","Omicron BA.1","RBD","Bn03","null","3.81","2024-01-31","37422451"
"8hpv","SARS-CoV-2","Omicron","full","L4.65, L5.34","null","2.65","2024-01-31","37507370"
"8hpq","SARS-CoV-2","Omicron BA.4","full","L4.65, L5.34","null","2.85","2024-01-31","37507370"
"8hp9","SARS-CoV-2","Omicron BA.2","full","L4.65, L5.34","null","2.75","2024-01-31","37507370"
"8u1g","SARS-CoV-2","none","S2","null","null","3.2","2024-01-24","null"
"8g75","SARS-CoV-2","none","full","Nanosota-4","null","3.4","2024-01-24","37855638"
"8g74","SARS-CoV-2","none","full","Nanosota-3","null","2.5","2024-01-24","37855638"
"8g73","SARS-CoV-2","none","full","Nanosota-3","null","2.5","2024-01-24","37855638"
"8g72","SARS-CoV-2","none","RBD","Nanosota-2","null","5.6","2024-01-24","37855638"
"8tma","SARS-CoV-2","none","RBD","N3-1","null","3.2","2024-01-17","38082099"
"8tm1","SARS-CoV-2","none","RBD","N3-1","null","2.79","2024-01-17","38082099"
"8fi9","SARS-CoV-2","Orig","RBD","WRAIR-5001","null","4.2","2024-01-17","38172512"
"8fhy","SARS-CoV-2","Orig","RBD","WRAIR-5021","null","2.53","2024-01-17","38172512"
"8hxj","BatCoV BANAL-20-52","null","full","null","null","3.5","2024-01-10","null"
"8hxk","BatCoV BANAL-20-236","null","S1","null","ACE2","3.5","2024-01-10","null"
"8jyp","SARS-CoV-2","Omicron XBB.1.5","RBD","","ACE2","3.38","2024-01-03","null"
"8jyo","SARS-CoV-2","Omicron XBB.1.5","full","","ACE2","3.2","2024-01-03","null"
"8jyn","SARS-CoV-2","Omicron XBB.1.5","RBD","","ACE2","3.04","2024-01-03","null"
"8jym","SARS-CoV-2","Omicron XBB.1.5","full","null","null","2.79","2024-01-03","null"
"8jyk","SARS-CoV-2","Omicron XBB.1.5","full","null","null","2.59","2024-01-03","null"
"8k5h","SARS-CoV-2","Omicron BA.1","full","UT28-RD","null","3.22","2023-12-27","null"
"8jje","SARS-CoV-2","Orig","RBD","","ACE2","3.4","2023-12-27","37647387"
"8i4g","SARS-CoV-2","Omicron BQ.1.1","RBD","n3130v-Fc","null","3.68","2023-12-27","37422451"
"8i4f","SARS-CoV-2","Omicron XBB","RBD","n3130v-Fc","null","3.44","2023-12-27","37422451"
"8i4e","SARS-CoV-2","Omicron XBB","RBD","Bn03","null","3.98","2023-12-27","37422451"
"7y3o","SARS-CoV-2","Orig","RBD","BIOLS56","null","2.1","2023-12-27","38109549"
"8q93","SARS-CoV-2","Orig","RBD","Re30H02, Re21D01","null","3.1","2023-12-20","38065245"
"8q7s","SARS-CoV-2","Orig","RBD","Ma6F06, Re21H01","null","2.7","2023-12-20","38065245"
"8hrl","SARS-CoV-2","Delta","RBD","","ACE2","2.8","2023-12-20","null"
"8hrk","SARS-CoV-2","Delta","RBD","","ACE2","3.3","2023-12-20","null"
"8hrj","SARS-CoV-2","Delta","full","null","null","3.1","2023-12-20","null"
"8hri","SARS-CoV-2","Delta","full","null","null","2.9","2023-12-20","null"
"8hrd","SARS-CoV-2","Delta","RBD","IMCAS74, W14","null","2.86","2023-12-20","null"
"8hq7","SARS-CoV-2","Orig","RBD","L4.65, L5.34","null","2.7","2023-12-20","null"
"8wox","SARS-CoV-2","Orig","RBD","","ACE2","2.75","2023-12-13","null"
"8smi","SARS-CoV-2","Orig","RBD","WRAIR-2123","null","3.5","2023-12-13","null"
"8sgu","SARS-CoV-2","Orig","RBD","null","null","1.95","2023-12-13","null"
"8k47","SARS-CoV-2","none","full","Nb4","null","3.54","2023-12-13","37901798"
"8k46","SARS-CoV-2","none","full","Nb4","null","3.37","2023-12-13","37901798"
"8k45","SARS-CoV-2","none","full","Nb4","null","3.66","2023-12-13","37901798"
"8fah","SARS-CoV-2","Orig","RBD","CR3022","null","4.22","2023-12-13","null"
"8f2j","SARS-CoV-2","Orig","RBD","WRAIR-2134","null","3.16","2023-12-13","null"
"7yd0","SARS-CoV-2","Omicron","full","XG005-VH, XG005-VL","null","3.58","2023-12-13","null"
"7ycz","SARS-CoV-2","Omicron BA.1","full","XG005-VH, XG005-VL","null","3.24","2023-12-13","null"
"7ycy","SARS-CoV-2","Omicron","full","XG005-VH, XG005-VL","null","3.74","2023-12-13","null"
"8wro","SARS-CoV-2","Omicron XBB.1.5.10","full","","ACE2","3.9","2023-12-06","null"
"8wrm","SARS-CoV-2","Omicron XBB.1.5.10","full","","ACE2","4.34","2023-12-06","null"
"8uuo","SARS-CoV-2","none","full","null","null","3.9","2023-11-29","37991488"
"8uun","SARS-CoV-2","none","full","null","null","3.8","2023-11-29","37991488"
"8uum","SARS-CoV-2","none","full","null","null","3.9","2023-11-29","37991488"
"8uul","SARS-CoV-2","none","full","null","null","3.2","2023-11-29","37991488"
"8j1v","SARS-CoV-2","Omicron BA.5","full","8-9D","null","3.01","2023-11-29","null"
"7ybn","SARS-CoV-2","C.1.2","full","null","null","3.82","2023-11-29","null"
"8u28","SARS-CoV-2","Orig","full","null","null","3.1","2023-11-15","null"
"8f4p","SARS-CoV-2","Orig","full","Anti-S1","null","3.7","2023-11-15","null"
"7tpi","SARS-CoV-2","none","full","null","null","2.3","2023-11-15","null"
"8hes","SARS-CoV-2","Orig","RBD","NIV-10","null","2.2","2023-11-08","37452031"
"8bg8","SARS-CoV-2","none","RBD","pT1696","null","3.64","2023-11-08","null"
"8bg6","SARS-CoV-2","none","RBD","pT1644","null","4.11","2023-11-08","null"
"8bg5","SARS-CoV-2","none","RBD","pT1631","null","2.05","2023-11-08","null"
"8bg4","SARS-CoV-2","Orig","RBD","pT1611","null","1.6","2023-11-08","null"
"8bg3","SARS-CoV-2","Orig","RBD","pT1610","null","1.9","2023-11-08","null"
"8bg2","SARS-CoV-2","Orig","RBD","pT1580","null","2.1","2023-11-08","null"
"8bg1","SARS-CoV-2","Orig","RBD","pT1511","null","2.88","2023-11-08","null"
"8psd","SARS-CoV-2","Omicron XBB.1","full","null","null","2.9","2023-11-01","37852477"
"8h91","SARS-CoV-2","Orig","RBD","N19","null","3.07","2023-11-01","null"
"8eyh","SARS-CoV-2","Orig","full","VHH21","null","3.75","2023-11-01","null"
"8eyg","SARS-CoV-2","Orig","full","Nb-021","null","3.73","2023-11-01","null"
"8bec","SARS-CoV-2","Orig","RBD","pT1375","null","1.7","2023-11-01","null"
"8taz","SARS-CoV-2","Cluster 5","full","","ACE2","3.75","2023-10-25","37842796"
"8t25","SARS-CoV-2","Orig","RBD","","ACE2","3.62","2023-10-25","37842796"
"8t23","SARS-CoV-2","Orig","RBD","","ACE2","3.87","2023-10-25","37842796"
"8t22","SARS-CoV-2","none","full","","ACE2","3.83","2023-10-25","37842796"
"8t21","SARS-CoV-2","none","full","null","null","3.6","2023-10-25","37842796"
"8t20","SARS-CoV-2","none","full","","ACE2","3.36","2023-10-25","37842796"
"8hgm","SARS-CoV-2","none","RBD","NIV-11","null","3.4","2023-10-25","37452031"
"8hgl","SARS-CoV-2","none","full","NIV-11","null","2.9","2023-10-25","37452031"
"8h6f","SARS-CoV-2","none","full","A6","null","3.3","2023-10-25","null"
"8h5u","SARS-CoV-2","Orig","RBD","Nb-021","null","2.401","2023-10-18","null"
"8h5t","SARS-CoV-2","Orig","RBD","Nb-015","null","2.0","2023-10-18","null"
"8eqf","SARS-CoV-2","Orig","RBD","STI-9167","null","3.16","2023-10-11","null"
"8i3u","SARS-CoV-2","none","RBD","14B1","null","3.6","2023-10-04","37704615"
"8i3s","SARS-CoV-2","none","RBD","7B3","null","3.9","2023-10-04","37704615"
"7ukm","SARS-CoV-2","Orig","full","Antibody 12-19","null","3.03","2023-10-04","null"
"7ukl","SARS-CoV-2","Orig","full","Antibody 12-16","null","3.09","2023-10-04","null"
"8p99","SARS-CoV-2","Orig","full","null","null","3.4","2023-09-27","37471688"
"8p9y","SARS-CoV-2","Orig","full","null","null","4.3","2023-09-27","37471688"
"8edf","SARS-CoV-2","Orig","RBD","SKD","null","3.4","2023-09-20","null"
"8f0i","SARS-CoV-2","Orig","RBD","COVA309-22","null","3.7","2023-09-13","null"
"7y0n","SARS-CoV-2","Wild","RBD","R15, P14","null","3.8","2023-09-13","null"
"7xy4","SARS-CoV-2","Orig","full","VHH21","null","3.3","2023-09-13","null"
"7xy3","SARS-CoV-2","Orig","full","VHH14","null","4.6","2023-09-13","null"
"7ybk","SARS-CoV-2","B.1.620","full","","null","3.9","2023-09-06","null"
"7y0o","SARS-CoV-2","Orig","RBD","R15, P14","null","4.4","2023-09-06","null"
"8ifz","SARS-CoV-2","none","RBD","","ACE2","2.85","2023-08-30","null"
"8ify","SARS-CoV-2","Omicron BA.4/5","full","","ACE2","2.55","2023-08-30","null"
"8hg0","SARS-CoV-2","Orig","RBD","","ACE2","3.51","2023-08-30","null"
"8hfz","SARS-CoV-2","none","full","","ACE2","2.71","2023-08-30","null"
"8hfx","SARS-CoV-2","Omicron BA.1","full","","deer ACE2","2.98","2023-08-30","null"
"8h7l","SARS-CoV-2","Omicron BA.2","full","BA7535","null","2.44","2023-08-30","null"
"8gnh","SARS-CoV-2","none","full","BD-218","null","3.74","2023-08-30","null"
"8gf2","SARS-CoV-2","Orig","RBD","eCR3022.20, CC12.3","null","2.851","2023-08-23","37582161"
"8sk5","SARS-CoV-2","Orig","RBD","7A9","null","2.011","2023-08-16","null"
"8iva","SARS-CoV-2","Orig","RBD","3E2, XMA01","null","3.95","2023-08-16","37470320"
"8iv8","SARS-CoV-2","Orig","RBD","3E2, 1C4","null","3.92","2023-08-16","37470320"
"8iv5","SARS-CoV-2","Orig","RBD","8H12, 1C4","null","3.77","2023-08-16","37470320"
"8iv4","SARS-CoV-2","Orig","RBD","8H12, 1C4","null","3.59","2023-08-16","37470320"
"8hr2","SARS-CoV-2","none","RBD","NB1B5, NB1C6","null","1.94","2023-08-16","37419228"
"8a95","SARS-CoV-2","none","RBD","Fab47","null","2.64","2023-08-16","36574772"
"7yn0","MERS-CoV","null","full","null","null","4.1","2023-08-09","null"
"7ymz","MERS-CoV","null","full","null","null","4.39","2023-08-09","null"
"7ymy","MERS-CoV","null","full","null","null","4.96","2023-08-09","null"
"7ymx","MERS-CoV","null","full","null","null","4.44","2023-08-09","null"
"7ymw","MERS-CoV","null","full","null","null","6.05","2023-08-09","null"
"7ymv","MERS-CoV","null","full","null","null","6.74","2023-08-09","null"
"7ymt","MERS-CoV","null","full","null","null","6.55","2023-08-09","null"
"7ybm","SARS-CoV-2","C.1.2","full","null","null","3.45","2023-08-09","null"
"7ybl","SARS-CoV-2","B.1.620","full","null","null","3.6","2023-08-09","null"
"7ybh","SARS-CoV-2","Lambda","full","null","null","3.5","2023-08-09","null"
"7y21","SARS-CoV-2","Omicron BA.5","full","","ACE2","2.8","2023-08-09","37376697"
"7y20","SARS-CoV-2","Omicron BA.3","full","","ACE2","3.8","2023-08-09","37376697"
"8dtk","SARS-CoV-2","Orig","RBD","DH1047","null","3.77","2023-08-02","null"
"8dpz","SARS-CoV-2","Orig","RBD","DH1338","null","3.38","2023-08-02","null"
"7y72","SARS-CoV-2","Orig","RBD","E7","null","4.03","2023-08-02","null"
"7y71","SARS-CoV-2","Orig","full","E7","null","3.12","2023-08-02","null"
"8cmd","SARS-CoV-2","Beta","Spike peptide S761-775","","DR1","2.54","2023-07-26","null"
"8cmc","SARS-CoV-2","Omicron BA.2","Spike peptide S511-530","","DR1","1.42","2023-07-26","null"
"8cmb","SARS-CoV-2","Delta","Spike peptide S486-505","","DR1","1.84","2023-07-26","null"
"8elj","SARS-CoV-2","none","full","ICO-hu23","null","3.6","2023-07-19","null"
"8el2","SARS-CoV-2","Orig","RBD","NIV-8","null","2.89","2023-07-19","null"
"7yh7","SARS-CoV-2","none","full","NIV-8","null","3.3","2023-07-19","null"
"7yh6","SARS-CoV-2","Orig","RBD","NIV-8","null","3.4","2023-07-19","null"
"7y6k","SARS-CoV-2","none","RBD","K202.B","null","3.34","2023-07-19","null"
"8gtq","SARS-CoV-2","none","full","S2L20","null","3.1","2023-07-12","37015915"
"8gtp","SARS-CoV-2","none","full","XGv289","null","3.1","2023-07-12","37015915"
"8gto","SARS-CoV-2","none","full","XGv289","null","3.2","2023-07-12","37015915"
"7ybj","SARS-CoV-2","Mu","full","null","null","3.73","2023-07-12","null"
"7ybi","SARS-CoV-2","Mu","full","null","null","4.1","2023-07-12","null"
"7y1z","SARS-CoV-2","Omicron BA.3","full","","ACE2","3.4","2023-07-12","37376697"
"7y1y","SARS-CoV-2","none","full","","ACE2","3.3","2023-07-12","37376697"
"7xd2","SARS-CoV-2","Orig","full","10-5B","null","3.3","2023-07-12","37069158"
"8elq","SARS-CoV-2","Orig","RBD","CC12.1, Nb-C4-255","null","2.21","2023-07-05","37276407"
"8elp","SARS-CoV-2","Orig","RBD","CC12.1, Nb-C4-240","null","2.83","2023-07-05","37276407"
"8elo","SARS-CoV-2","Orig","RBD","CC12.1, Nb-C4-225","null","2.72","2023-07-05","37276407"
"8cim","SARS-CoV-2","Omicron BA.2","full","BA.2-07","null","3.0","2023-07-05","null"
"7yco","SARS-CoV-2","Orig","RBD","","A6 repebody","1.96","2023-07-05","null"
"7yc5","SARS-CoV-2","none","full","K202.B","null","3.1","2023-07-05","null"
"8smt","SARS-CoV-2","Orig","RBD","WRAIR-2134","null","3.16","2023-06-28","null"
"8gou","SARS-CoV-2","Omicron BA.4","full","TH003","null","3.7","2023-06-28","37322000"
"8e1g","SARS-CoV-2","Orig","RBD","2A10","null","2.57","2023-06-28","37083327"
"8bon","SARS-CoV-2","Orig","RBD","","Macrocyclic peptide S1B3inL1","3.2","2023-06-28","null"
"8aaa","SARS-CoV-2","Orig","RBD","","Stapled peptide","1.9","2023-06-28","37328472"
"7z8o","SARS-CoV-2","Orig","RBD","","Stapled peptide","0.96","2023-06-28","37328472"
"7yvp","SARS-CoV-2","Omicron BA.4/5","full","TH272, TH281","null","3.8","2023-06-28","37322000"
"7yvo","SARS-CoV-2","Omicron BA.4/5","full","TH027, TH132","null","3.3","2023-06-28","37322000"
"7yvn","SARS-CoV-2","Omicron BA.4/5","full","TH281","null","3.4","2023-06-28","37322000"
"7yvm","SARS-CoV-2","Omicron BA.4/5","RBD","TH272","null","3.5","2023-06-28","37322000"
"7yvl","SARS-CoV-2","Omicron BA.4/5","RBD","TH272","null","3.3","2023-06-28","37322000"
"7yvk","SARS-CoV-2","Omicron BA.4/5","full","TH272","null","3.2","2023-06-28","37322000"
"7yvj","SARS-CoV-2","Omicron BA.4/5","RBD","TH236","null","3.6","2023-06-28","37322000"
"7yvi","SARS-CoV-2","Omicron BA.4/5","full","TH236","null","3.7","2023-06-28","37322000"
"7yvh","SARS-CoV-2","Omicron BA.4/5","RBD","TH132","null","3.6","2023-06-28","37322000"
"7yvg","SARS-CoV-2","Omicron BA.4/5","full","TH132","null","3.4","2023-06-28","37322000"
"7yvf","SARS-CoV-2","Omicron BA.4/5","RBD","TH027","null","3.4","2023-06-28","37322000"
"7yve","SARS-CoV-2","Omicron BA.4/5","full","TH027","null","3.4","2023-06-28","37322000"
"7ytn","SARS-CoV-2","Alpha","RBD","D27LEY","null","3.51","2023-06-28","36466915"
"8j26","SARS-CoV-2","none","RBD","REGN10987","Aptamer","3.4","2023-06-21","null"
"8j1q","SARS-CoV-2","none","RBD","REGN10987","Aptamer","3.3","2023-06-21","null"
"8idn","SARS-CoV-2","Orig","RBD","E77","null","3.35","2023-06-21","null"
"8epq","SARS-CoV-2","none","full","S2D14","null","3.3","2023-06-21","37285422"
"8epp","SARS-CoV-2","none","full","S2D14","null","3.1","2023-06-21","37285422"
"8epn","SARS-CoV-2","none","full","S2D14","null","2.8","2023-06-21","37285422"
"7y6n","SARS-CoV-2","none","RBD","Ab803","null","4.4","2023-06-21","null"
"7y6l","SARS-CoV-2","none","RBD","Ab816","null","3.5","2023-06-21","null"
"8eoo","SARS-CoV-2","Orig","full","WRAIR-2063, WRAIR-2151","null","2.77","2023-06-14","null"
"8dt8","SARS-CoV-2","none","full","LM18, Nb136","null","3.34","2023-06-14","37276407"
"8d56","SARS-CoV-2","Omicron BA.2","full","null","null","3.0","2023-06-07","null"
"8d55","SARS-CoV-2","Omicron BA.2","full","null","null","2.8","2023-06-07","null"
"8d5a","SARS-CoV-2","Omicron BA.2","full","null","null","3.1","2023-06-07","null"
"7y6d","SARS-CoV-2","Delta","full","null","null","4.39","2023-06-07","37094167"
"7wt9","SARS-CoV-2","none","RBD","9A8","null","4.3","2023-06-07","35977939"
"7wt8","SARS-CoV-2","Omicron","full","9A8","null","3.6","2023-06-07","35977939"
"7wt7","SARS-CoV-2","Omicron","full","9A8","null","3.4","2023-06-07","35977939"
"8h08","SARS-CoV-2","Omicron BA.1","full","10-5B, 6-2C","null","3.2","2023-05-31","37069158"
"8h07","SARS-CoV-2","Omicron BA.4","full","10-5B, 6-2C","null","2.9","2023-05-31","37069158"
"7xei","SARS-CoV-2","Orig","RBD","CB6-092-Fab","null","2.76","2023-05-31","null"
"7xeg","SARS-CoV-2","Beta","RBD","CB6-092-Fab","null","2.69","2023-05-31","null"
"7vzt","SARS-CoV-2","Orig","RBD","CH12","null","3.41","2023-05-31","null"
"8iov","SARS-CoV-2","Omicron XBB.1","RBD","","ACE2","3.29","2023-05-24","null"
"8iou","SARS-CoV-2","Omicron XBB.1","full","","ACE2","3.18","2023-05-24","null"
"8iot","SARS-CoV-2","Omicron XBB.1","full","null","null","2.51","2023-05-24","null"
"8ios","SARS-CoV-2","Omicron XBB.1","full","null","null","2.5","2023-05-24","null"
"8gb7","SARS-CoV-2","Orig","RBD","20A7","null","2.57","2023-05-24","37163615"
"8gb6","SARS-CoV-2","Orig","RBD","21B7","null","1.75","2023-05-24","37163615"
"8gb5","SARS-CoV-2","Orig","RBD","25F9","null","3.35","2023-05-24","37163615"
"8dnn","SARS-CoV-2","Orig","RBD","antibody 80","null","3.12","2023-05-24","null"
"8cwk","SARS-CoV-2","Orig","RBD","4G1-C2, 10G4","null","2.368","2023-05-24","null"
"8cwj","SARS-CoV-2","none","RBD","4C12-B12, CR3022","null","2.449","2023-05-24","null"
"8cwi","SARS-CoV-2","Orig","RBD","10G4","null","1.873","2023-05-24","null"
"7xsc","SARS-CoV-2","none","RBD","P5S-2B10","null","2.88","2023-05-24","36914890"
"8hn7","SARS-CoV-2","Orig","RBD","3C11","null","3.0","2023-05-17","null"
"8hn6","SARS-CoV-2","Orig","RBD","3G10","null","2.07","2023-05-17","null"
"8csj","SARS-CoV-2","Orig","full","antibody 4-33","null","3.53","2023-05-17","null"
"8bsf","SARS-CoV-2","Beta","RBD","3D2","null","2.2","2023-05-17","null"
"8bse","SARS-CoV-2","Orig","RBD","1D1","null","1.9","2023-05-17","null"
"8h3n","SARS-CoV-2","Omicron BA.1","full","MO1","null","2.73","2023-05-10","null"
"8h3m","SARS-CoV-2","Omicron BA.1","full","MO1","null","2.48","2023-05-10","null"
"8fdw","SARS-CoV-2","Orig","S2","null","null","2.9","2023-05-10","null"
"8a99","SARS-CoV-2","Orig","full","Fab47","null","2.5","2023-05-10","36574772"
"7xsb","SARS-CoV-2","none","RBD","P5S-3B11","null","3.2","2023-05-10","36914890"
"7xsa","SARS-CoV-2","none","RBD","P2S-2E9","null","2.2","2023-05-10","36914890"
"8f0h","SARS-CoV-2","none","RBD","2A10, 1H2","null","3.18","2023-05-03","37083327"
"8f0g","SARS-CoV-2","Omicron BA.1","full","1C3","null","3.35","2023-05-03","37083327"
"8a96","SARS-CoV-2","Orig","RBD","Fab47","null","2.7","2023-05-03","36574772"
"8a94","SARS-CoV-2","Orig","full","Fab97","null","2.4","2023-05-03","36574772"
"8hed","SARS-CoV-2","Orig","RBD","RmAb 9H1","null","3.59","2023-04-26","37062240"
"8hec","SARS-CoV-2","Orig","full","RmAb 9H1","null","3.5","2023-04-26","37062240"
"8heb","SARS-CoV-2","Orig","full","RmAb 9H1","null","3.53","2023-04-26","37062240"
"8gb0","SARS-CoV-2","Orig","full","null","null","4.1","2023-04-26","37034621"
"7xs8","SARS-CoV-2","Orig","RBD","P5S-1H1","null","2.8","2023-04-26","36914890"
"7xil","SARS-CoV-2","Beta","RBD","B38","","2.91","2023-04-26","null"
"8i5i","SARS-CoV-2","Delta","RBD","NCV2SG48","null","3.06","2023-04-19","37041231"
"8i5h","SARS-CoV-2","Delta","RBD","Ab256","null","2.38","2023-04-19","37041231"
"8c1v","SARS-CoV-2","Orig","RBD","TriSb92","null","2.9","2023-04-19","36964125"
"7zjl","SARS-CoV-2","Delta","full","5REGN10987","null","2.6","2023-04-19","null"
"7xj8","SARS-CoV-2","Omicron BA.1","full","55A8, 58G6","null","3.3","2023-04-19","null"
"7xj6","SARS-CoV-2","Omicron BA.1","full","55A8, 58G6","null","3.29","2023-04-19","null"
"7wnb","SARS-CoV-2","Orig","RBD","NCV2SG48","null","2.18","2023-04-19","37041231"
"7wn2","SARS-CoV-2","Orig","RBD","NCV2SG53","null","2.35","2023-04-19","37041231"
"7uow","SARS-CoV-2","none","RBD","U34_32","null","4.4","2023-04-19","null"
"8itu","SARS-CoV-2","Omicron BA.1","full","1h1","null","3.68","2023-04-12","null"
"8h01","SARS-CoV-2","Omicron BA.1","full","1h1","null","3.7","2023-04-12","null"
"8h00","SARS-CoV-2","Omicron BA.1","full","1h1","null","3.41","2023-04-12","null"
"8fez","SARS-CoV-2","none","full","null","null","3.72","2023-04-12","36993551"
"8gjn","SARS-CoV-2","Orig","full","17b10","null","3.6","2023-04-05","36916782"
"8gjm","SARS-CoV-2","Orig","full","","null","2.8","2023-04-05","36916782"
"8fu9","SARS-CoV-2","none","full","null","null","3.52","2023-04-05","null"
"8fu8","SARS-CoV-2","none","full","null","null","3.08","2023-04-05","null"
"8fu7","SARS-CoV-2","Delta","full","null","null","3.21","2023-04-05","null"
"8fa2","SARS-CoV-2","none","HR1-42G","null","null","2.82","2023-03-29","null"
"8fa1","SARS-CoV-2","Omicron BA.2","HR1, HR2","null","null","2.51","2023-03-29","null"
"8h3e","SARS-CoV-2","Orig","RBD","","null","3.06","2023-03-22","36844485"
"8h3d","SARS-CoV-2","Orig","full","","null","3.27","2023-03-22","36844485"
"8d0z","SARS-CoV-2","none","RBD","S728-1157","null","3.7","2023-03-22","36862518"
"8c3v","SARS-CoV-2","Delta","RBD","BA.2-13, C1","null","2.74","2023-03-22","null"
"8bcz","SARS-CoV-2","Delta","RBD","BA.2-36, BA.2-36, EY6A, COVOX-45","null","2.9","2023-03-22","null"
"8bbo","SARS-CoV-2","Delta","RBD","BA.2-36","null","2.75","2023-03-22","null"
"8bbn","SARS-CoV-2","Delta","RBD","BA.2-10, EY6A","null","3.58","2023-03-22","null"
"7x96","SARS-CoV-2","none","RBD","Ab847","null","3.4","2023-03-22","null"
"7x95","SARS-CoV-2","none","RBD","Ab709","null","3.9","2023-03-22","null"
"7x94","SARS-CoV-2","none","RBD","Ab712","null","4.0","2023-03-22","null"
"7x93","SARS-CoV-2","none","RBD","Ab765","null","3.3","2023-03-22","null"
"7x27","MERS-CoV","null","full","null","null","2.49","2023-03-22","null"
"8aqw","SARS-CoV-2","Omicron Ba.4/5","RBD","","mouse ACE2","3.3","2023-03-15","null"
"7xdl","SARS-CoV-2","Delta","full","BA7208, BA7125","null","3.08","2023-03-15","36609558"
"7u8e","SARS-CoV-2","Orig","RBD","Ab256","null","2.29","2023-03-15","null"
"8bgg","SARS-CoV-2","Omicron BA.1","A,C","W25","null","6.04","2023-03-08","null"
"8bev","SARS-CoV-2","none","A,C","W25","null","5.92","2023-03-08","null"
"7zrv","SARS-CoV-2","Omicron","full","null","null","2.8","2023-03-08","null"
"7x63","SARS-CoV-2","Beta","RBD","BD-236","null","2.24","2023-03-08","null"
"7wp8","SARS-CoV-2","Orig","STFK1628x","83H7, 2B4, 85F7","","3.88","2023-03-08","null"
"7ul1","SARS-CoV-2","Orig","RBD","EH3","null","2.65","2023-03-08","36514310"
"7ul0","SARS-CoV-2","Orig","RBD","EH8","null","2.49","2023-03-08","36514310"
"8aqv","SARS-CoV-2","Omicron BA.2.12.1","B","","mouse ACE2","2.96","2023-03-01","null"
"8aqu","SARS-CoV-2","Omicron BA.1","B","","mouse ACE2","3.22","2023-03-01","null"
"8aqt","SARS-CoV-2","Beta","B","","mouse ACE2","4.4","2023-03-01","null"
"8aqs","SARS-CoV-2","Omicron BA.4/5","full","","ACE2","2.92","2023-03-01","null"
"7zss","SARS-CoV-2","Orig","full","null","null","2.63","2023-03-01","null"
"7xdk","SARS-CoV-2","Delta","full","BA7054, BA7125","null","3.2","2023-03-01","36609558"
"7xdb","SARS-CoV-2","Omicron","full","BA7208","null","2.62","2023-03-01","36609558"
"7xda","SARS-CoV-2","Delta","RBD","BA7208, BA7125","null","2.98","2023-03-01","36609558"
"7xcz","SARS-CoV-2","Delta","RBD","BA7054, BA7125","null","3.2","2023-03-01","36609558"
"7x2h","SARS-CoV-2","Orig","RBD","6-2C","null","2.1","2023-03-01","null"
"7wp6","SARS-CoV-2","Orig","full","null","null","3.81","2023-03-01","null"
"7u0x","SARS-CoV-2","none","full","002-13","null","3.82","2023-03-01","null"
"7u0q","SARS-CoV-2","none","full","002-02","null","3.86","2023-03-01","null"
"8c8p","SARS-CoV-2","Orig","RBD","10D12","null","4.1","2023-02-22","null"
"7y7k","SARS-CoV-2","Orig","RBD","1F","null","4.4","2023-02-22","36726762"
"7y7j","SARS-CoV-2","Orig","full","1F","null","4.8","2023-02-22","36726762"
"7zh5","SARS-CoV","null","full","null","null","3.3","2023-02-15","36417532"
"7zh2","SARS-CoV","null","full","null","null","2.71","2023-02-15","36417532"
"7zh1","SARS-CoV","null","full","null","null","2.48","2023-02-15","36417532"
"7wwj","SARS-CoV-2","Omicron BA.1","full","55A8","null","3.5","2023-02-15","null"
"7wwi","SARS-CoV-2","Omicron BA.1","full","55A8","null","3.5","2023-02-15","null"
"8dma","SARS-CoV-2","Omicron BA.1","RBD","","mouse ACE2","2.79","2023-02-08","36640338"
"8dm9","SARS-CoV-2","Omicron BA.1","full","","mouse ACE2","2.56","2023-02-08","36640338"
"7tpk","SARS-CoV-2","Orig","RBD","null","null","3.4","2023-02-08","null"
"8hhz","SARS-CoV-2","Omicron BA.1","full","IY-2A","null","4.28","2023-02-01","36658148"
"8hhy","SARS-CoV-2","Delta","full","IS-9A","null","2.77","2023-02-01","36658148"
"8hhx","SARS-CoV-2","Delta","full","FP-12A","null","3.62","2023-02-01","36658148"
"7ycn","SARS-CoV-2","Orig","RBD","IY-2A","null","2.85","2023-02-01","36658148"
"7ycl","SARS-CoV-2","Orig","RBD","IS-9A","null","2.13","2023-02-01","36658148"
"7yck","SARS-CoV-2","Orig","RBD","FP-12A","null","2.6","2023-02-01","36658148"
"7wrh","SARS-CoV-2","Omicron BA.1","full","","mouse ACE2","2.66","2023-02-01","35821014"
"8hcb","SARS-CoV-2","Omicron BA.1","full","YB13-292","null","4.18","2023-01-25","null"
"8hca","SARS-CoV-2","Omicron BA.1","full","YB13-292","null","4.35","2023-01-25","null"
"8hc9","SARS-CoV-2","Omicron BA.1","full","YB13-292","null","6.03","2023-01-25","null"
"8hc6","SARS-CoV-2","Omicron","full","YB9-258","null","4.69","2023-01-25","null"
"8hc5","SARS-CoV-2","Orig","S1","YB9-258, R1-32","null","3.43","2023-01-25","null"
"8hc4","SARS-CoV-2","none","full","YB9-258, R1-32","null","3.54","2023-01-25","null"
"8hc3","SARS-CoV-2","none","full","YB9-258","null","4.35","2023-01-25","null"
"8hc2","SARS-CoV-2","none","full","YB9-258","null","6.21","2023-01-25","null"
"8dm8","SARS-CoV-2","Omicron BA.2","RBD","null","mACE2","2.68","2023-02-28","36640338"
"8dm7","SARS-CoV-2","Omicron BA.2","full","null","hACE2","2.49","2023-02-28","36640338"
"8dm6","SARS-CoV-2","Omicron BA.2","RBD","null","ACE2","2.77","2023-02-28","36640338"
"8dm5","SARS-CoV-2","Omicron BA.2","full","null","ACE2","2.51","2023-02-28","36640338"
"8dm4","SARS-CoV-2","Omicron BA.2","full","4A8","null","2.45","2023-01-25","36640338"
"8dm3","SARS-CoV-2","Omicron BA.2","full","4A8","null","2.37","2023-01-25","36640338"
"8dm2","SARS-CoV-2","Omicron BA.2","NTD","null","null","2.91","2023-01-25","36640338"
"8dm1","SARS-CoV-2","Omicron BA.2","full","null","null","3.04","2023-01-25","36640338"
"8dgu","SARS-CoV-2","Omicron BA.2","Stem helix","CC25.106","null","1.89","2023-01-25","null"
"8d48","SARS-CoV-2","Orig","RBD","sd1.040","null","3.7","2023-01-25","36482967"
"8be1","SARS-CoV-2","Orig","RBD","mRBD2","null","1.98","2023-01-25","null"
"7wqv","SARS-CoV-2","none","RBD","Ab08","null","2.8","2023-01-25","null"
"7t5o","SARS-CoV-2","none","full","GAR03","null","3.39","2023-01-25","null"
"8dxu","SARS-CoV-2","Orig","RBD","GAR03, 10G4","null","2.73","2023-01-18","null"
"8dxt","SARS-CoV-2","Orig","RBD","GAR12","null","2.25","2023-01-18","null"
"7x28","MERS-CoV","null","RBD","S41","null","2.49","2023-01-18","null"
"7x25","MERS-CoV","null","RBD","S41","null","2.49","2023-01-18","null"
"7whd","SARS-CoV-2","Orig","RBD","ZB8","null","2.65","2023-01-18","null"
"7whb","SARS-CoV-2","Orig","RBD","ZB8","null","2.67","2023-01-18","null"
"7wh8","SARS-CoV-2","Orig","RBD","ZB8","null","3.11","2023-01-18","null"
"7uzd","SARS-CoV-2","none","RBD","HSW-2","null","3.0","2023-01-11","36370711"
"7uzc","SARS-CoV-2","none","RBD","M8a-34","null","2.2","2023-01-11","36370711"
"7wgz","SARS-CoV-2","Orig","full","null","null","4.5","2023-01-04","null"
"7wgy","SARS-CoV-2","Orig","full","null","null","4.0","2023-01-04","null"
"7wgx","SARS-CoV-2","Orig","full","null","null","3.5","2023-01-04","null"
"7wgv","SARS-CoV-2","Orig","full","null","null","3.2","2023-01-04","null"
"7ykj","SARS-CoV-2","Omicron","RBD","P3E6","null","3.5","2022-12-28","36354024"
"7wcu","SARS-CoV-2","Delta","S6P","SWC11","null","3.09","2022-12-28","null"
"7wcp","SARS-CoV-2","Delta","full","SWC11","null","3.01","2022-12-28","null"
"7wck","SARS-CoV-2","Delta","S6P","SWA9","null","3.49","2022-12-28","null"
"7wch","SARS-CoV-2","Delta","full","SWA9","null","3.19","2022-12-28","null"
"7vhh","SARS-CoV-2","Delta","full","null","null","3.8","2022-12-28","null"
"8d47","SARS-CoV-2","Omicron BA.2","fusion peptide","fp.006","null","2.0","2022-12-21","36482967"
"7xa7","SARS-CoV-2","Orig","RBD","","horseshoe bat ACE2","3.31","2022-12-21","35874946"
"7x2k","SARS-CoV-2","Orig","RBD","1F11/Nb70","null","2.4","2022-12-21","null"
"7wti","SARS-CoV-2","Omicron","full","","null","3.8","2022-12-21","35672388"
"7wnm","SARS-CoV-2","Gamma","RBD","","ACE2","2.7","2022-12-21","35013100"
"7wd2","SARS-CoV-2","Orig","RBD","S43","null","2.69","2022-12-21","null"
"7wd1","SARS-CoV-2","Orig","RBD","R14","null","2.5","2022-12-21","null"
"7t72","SARS-CoV-2","Orig","RBD","GAR05","null","3.18","2022-12-21","null"
"7x2m","SARS-CoV-2","Beta","RBD","1-2C7","null","1.8","2022-12-14","null"
"7wtk","SARS-CoV-2","none","full","XGv286","null","3.6","2022-12-14","35672388"
"7wtf","SARS-CoV-2","none","full","XGv051","null","3.0","2022-12-14","35672388"
"8gz5","SARS-CoV-2","Alpha","RBD","P17","null","1.7","2022-12-07","36413757"
"8dxs","SARS-CoV-2","Orig","full","P2B4","null","3.76","2022-12-07","36354024"
"8dwa","SARS-CoV-2","Orig","RBD","P1D9","null","3.2","2022-12-07","36354024"
"8dw9","SARS-CoV-2","Orig","RBD","D29","null","4.0","2022-12-07","36354024"
"8dw3","SARS-CoV-2","Orig","full","S309, CR3022","DARPin","4.26","2022-12-07","36411391"
"8dw2","SARS-CoV-2","Orig","RBD","S309, CR3022","DARPin","4.11","2022-12-07","36411391"
"7x92","SARS-CoV-2","none","RBD","Ab445","null","4.1","2022-12-07","36406861"
"7x91","SARS-CoV-2","none","RBD","Ab496","null","4.3","2022-12-07","36406861"
"7x90","SARS-CoV-2","none","RBD","Ab326","null","4.2","2022-12-07","36406861"
"7x8z","SARS-CoV-2","none","RBD","Ab188","null","4.1","2022-12-07","36406861"
"7x8y","SARS-CoV-2","none","RBD","Ab159","null","4.1","2022-12-07","36406861"
"7x8w","SARS-CoV-2","none","RBD","Ab354","null","3.1","2022-12-07","36406861"
"7x2l","SARS-CoV-2","Orig","RBD","3-2A2-4","null","2.4","2022-12-07","null"
"7wvl","SARS-CoV-2","Orig","RBD","P4A2","null","3.0","2022-12-07","null"
"7vhn","SARS-CoV-2","Alpha","full","null","null","3.8","2022-12-07","null"
"7uzb","SARS-CoV-2","none","S1","HSW-2","null","4.1","2022-12-07","null"
"7uza","SARS-CoV-2","none","full","HSW-1","null","3.1","2022-12-07","null"
"7uz9","SARS-CoV-2","none","full","M8a-34","null","3.5","2022-12-07","null"
"7uz8","SARS-CoV-2","Omicron BA.1","full","M8a-31","null","3.1","2022-12-07","null"
"7uz7","SARS-CoV-2","none","full","M8a-31","null","2.9","2022-12-07","null"
"7uz6","SARS-CoV-2","none","full","M8a-28","null","2.8","2022-12-07","null"
"7uz5","SARS-CoV-2","none","full","M8a-6","null","3.2","2022-12-07","null"
"7uz4","SARS-CoV-2","none","full","M8a-3","null","3.1","2022-12-07","null"
"7tz0","SARS-CoV-2","none","RBD","","DARPin","4.17","2022-12-07","36411391"
"7tyz","SARS-CoV-2","none","full","","DARPin","3.51","2022-12-07","36411391"
"8dya","SARS-CoV-2","none","S2","null","null","3.67","2022-11-30","36356052"
"7wow","SARS-CoV-2","Omicron","full","FD01","null","6.11","2022-11-30","36207299"
"7wov","SARS-CoV-2","Omicron","full","FD01","null","3.87","2022-11-30","36207299"
"7wou","SARS-CoV-2","Omicron","full","FD01","null","3.47","2022-11-30","36207299"
"7wos","SARS-CoV-2","Omicron","full","FD01","null","3.91","2022-11-30","36207299"
"7wor","SARS-CoV-2","Omicron","RBD","FD01","null","3.7","2022-11-30","36207299"
"7woq","SARS-CoV-2","Omicron","full","FD01","null","3.47","2022-11-30","36207299"
"8dtx","SARS-CoV-2","Omicron BA.2","Stem helix","COV89-22","null","1.6","2022-11-23","36347257"
"8dtt","SARS-CoV-2","Omicron BA.2","Stem helix","COV93-03","null","1.75","2022-11-23","36347257"
"8dtr","SARS-CoV-2","Omicron BA.2","Stem helix","COV30-14","null","1.5","2022-11-23","36347257"
"7xst","SARS-CoV-2","Omicron","full","D2, F61","null","3.04","2022-11-23","36075908"
"7xmz","SARS-CoV-2","none","full","D2","null","3.25","2022-11-23","36075908"
"7xmx","SARS-CoV-2","none","full","F61","null","3.62","2022-11-23","36075908"
"7wxz","SARS-CoV-2","none","S2","null","null","2.41","2022-11-23","36357786"
"7u9p","SARS-CoV-2","none","RBD","NA8","null","3.5","2022-11-23","36302375"
"7u9o","SARS-CoV-2","none","RBD","NE12","null","3.4","2022-11-23","36302375"
"7swx","SARS-CoV-2","Orig","full","SARS2-57","null","3.13","2022-11-23","null"
"7sww","SARS-CoV-2","Kappa","NTD","SARS2-57","null","3.13","2022-11-23","null"
"7s83","SARS-CoV-2","Orig","RBD","","shark VNARs","2.52","2022-11-23","null"
"7sj0","SARS-CoV-2","none","NTD","A7V3","null","3.36","2022-11-16","null"
"7q3r","SARS-CoV-2","Orig","RBD","VHH-F04, VHH-G09","null","1.92","2022-11-16","null"
"7q3q","SARS-CoV-2","Orig","RBD","VHH-12","null","2.3","2022-11-16","null"
"8h16","SARS-CoV","null","full","null","null","3.36","2022-11-09","null"
"8h15","SARS-CoV","null","full","null","null","3.14","2022-11-09","null"
"8h12","SARS-CoV","null","full","null","null","3.45","2022-11-09","null"
"8h11","SARS-CoV","null","full","null","null","2.72","2022-11-09","null"
"8h0z","SARS-CoV","none","full","null","null","2.99","2022-11-09","null"
"8h0y","SARS-CoV","null","full","null","null","2.85","2022-11-09","null"
"8h0x","SARS-CoV","null","full","null","null","2.57","2022-11-09","null"
"7zr2","SARS-CoV-2","none","HR1, HR2","null","null","1.45","2022-11-09","36220405"
"7x29","MERS-CoV","null","full","S41","null","2.49","2022-11-09","36246239"
"7x2a","MERS-CoV","null","full","S41","null","2.49","2022-11-09","36246239"
"7wsh","SARS-CoV-2","Orig","RBD","","ACE2","2.89","2022-11-09","36187898"
"8gs6","SARS-CoV-2","Omicron BA.2.75","full","null","null","2.86","2022-10-26","null"
"8err","SARS-CoV-2","Omicron BA.1","full","S2X324","null","3.1","2022-10-26","null"
"8erq","SARS-CoV-2","Omicron BA.1","full","S2X324","null","3.3","2022-10-26","null"
"7wbh","SARS-CoV-2","Beta","full","hu33","null","3.7","2022-10-26","35078968"
"7wb5","SARS-CoV-2","Beta","RBD","hu33","null","3.7","2022-10-26","35078968"
"8h14","SARS-CoV","null","full","null","null","3.39","2022-10-19","null"
"8h13","SARS-CoV","null","full","null","null","4.05","2022-10-19","null"
"8h10","SARS-CoV","null","full","null","null","2.99","2022-10-19","null"
"8d8r","SARS-CoV-2","Orig","RBD","DMAb 2196","null","4.1","2022-10-19","36202799"
"8d8q","SARS-CoV-2","Orig","RBD","DMAb 2196, DMAb 2130","null","4.2","2022-10-19","36202799"
"7yr3","SARS-CoV-2","Omicron BA.2.75","full","","ACE2","3.52","2022-10-19","null"
"7yr2","SARS-CoV-2","Omicron BA.2.75","full","","ACE2","3.3","2022-10-19","null"
"7yr1","SARS-CoV-2","Omicron BA.2.75","full","null","null","3.62","2022-10-19","null"
"7yqz","SARS-CoV-2","Omicron BA.2.75","full","S309","null","3.84","2022-10-19","null"
"7yqy","SARS-CoV-2","Omicron BA.2.75","full","S309","null","3.74","2022-10-19","null"
"7yqx","SARS-CoV-2","Omicron BA.2.75","full","S309","null","3.72","2022-10-19","null"
"7yqw","SARS-CoV-2","Omicron BA.2.75","full","null","null","3.51","2022-10-19","null"
"7yqv","SARS-CoV-2","Omicron BA.2.75","full","null","null","3.58","2022-10-19","null"
"7yqu","SARS-CoV-2","Omicron BA.2.75","full","null","null","3.19","2022-10-19","null"
"7yqt","SARS-CoV-2","Omicron BA.2.75","full","null","null","3.45","2022-10-19","null"
"7wse","SARS-CoV-2","Orig","RBD","","ACE2","2.93","2022-10-19","36187898"
"7vhm","SARS-CoV-2","none","full","null","null","3.2","2022-10-19","null"
"7vhl","SARS-CoV-2","none","full","null","null","3.9","2022-10-19","null"
"7vhk","SARS-CoV-2","none","full","null","null","3.6","2022-10-19","null"
"7vhj","SARS-CoV-2","none","full","null","null","4.2","2022-10-19","null"
"8gx9","SARS-CoV-2","Orig","RBD","P2C-1F11, P2B-1G5","null","4.01","2022-10-12","null"
"7zcf","SARS-CoV-2","none","RBD","C5G2","null","4.0","2022-10-12","36114671"
"7zce","SARS-CoV-2","none","full","scFv76","null","3.5","2022-10-12","36114671"
"7xrp","SARS-CoV-2","Kappa","RBD","BD55-3546","null","3.88","2022-10-05","36109732"
"7wry","SARS-CoV-2","Delta","RBD","BD55-3546","null","3.28","2022-09-28","null"
"7v6o","MERS-CoV","null","full","111","null","4.56","2022-09-28","null"
"7ya0","SARS-CoV-2","Omicron BA.1","full","null","null","3.1","2022-09-21","36002453"
"7y9z","SARS-CoV-2","Omicron","full","","ACE2","2.85","2022-09-21","36002453"
"7xco","SARS-CoV-2","Omicron","full","S309","null","2.5","2022-09-21","null"
"7v5j","MERS-CoV","null","full","0722","null","2.8","2022-09-21","null"
"7xxl","SARS-CoV-2","Orig","RBD","Fab14","null","7.3","2022-09-14","null"
"7v6n","MERS-CoV","null","full","111","null","3.99","2022-09-14","null"
"8czi","SARS-CoV-2","Omicron BA.2","HR1,HR2","","HR2","2.22","2022-09-07","null"
"8dzi","SARS-CoV-2","Omicron BA.1.1.529","full","MB.02","null","3.5","2022-08-31","35982661"
"8dzh","SARS-CoV-2","Omicron BA.1.1.529","full","MB.02","null","3.2","2022-08-31","35982661"
"8dv2","SARS-CoV-2","Orig","RBD","","ACE2","3.5","2022-08-31","null"
"8dv1","SARS-CoV-2","Orig","RBD","","ACE2","3.4","2022-08-31","null"
"8dm0","SARS-CoV-2","none","NTD","ab6","null","3.21","2022-08-31","35982054"
"8dlz","SARS-CoV-2","none","full","ab6","null","2.57","2022-08-31","35982054"
"8dly","SARS-CoV-2","Epsilon","NTD","ab6","null","3.0","2022-08-31","35982054"
"8dlx","SARS-CoV-2","Epsilon","full","ab6","null","2.45","2022-08-31","35982054"
"8dlw","SARS-CoV-2","none","full","S2M11","null","2.16","2022-08-31","35982054"
"8dlv","SARS-CoV-2","none","RBD","","ACE2","3.11","2022-08-31","35982054"
"8dlu","SARS-CoV-2","none","full","","ACE2","3.14","2022-08-31","35982054"
"8dlt","SARS-CoV-2","Epsilon","full","null","null","2.4","2022-08-31","35982054"
"8dls","SARS-CoV-2","none","NTD","4A8","null","2.66","2022-08-31","35982054"
"8dlr","SARS-CoV-2","Gamma","NTD","4A8","null","2.51","2022-08-31","35982054"
"8dlq","SARS-CoV-2","Gamma","RBD","","ACE2","2.77","2022-08-31","35982054"
"8dlp","SARS-CoV-2","Gamma","full","","ACE2","2.64","2022-08-31","35982054"
"8dlo","SARS-CoV-2","Gamma","full","null","null","2.25","2022-08-31","35982054"
"8dln","SARS-CoV-2","Beta","RBD","","ACE2","3.04","2022-08-31","35982054"
"8dlm","SARS-CoV-2","Beta","full","","ACE2","2.89","2022-08-31","35982054"
"8dll","SARS-CoV-2","Beta","full","null","null","2.56","2022-08-31","35982054"
"8dlk","SARS-CoV-2","none","RBD","","ACE2","3.04","2022-08-31","35982054"
"8dlj","SARS-CoV-2","Alpha","full","","ACE2","2.91","2022-08-31","35982054"
"8dli","SARS-CoV-2","Alpha","full","null","null","2.56","2022-08-31","35982054"
"7y9s","SARS-CoV-2","Omicron","full","null","null","3.0","2022-08-31","36002453"
"7xch","SARS-CoV-2","Omicron","full","","ACE2","3.4","2022-08-31","null"
"7wbz","SARS-CoV-2","Orig","RBD","Fab 2303","null","2.42","2022-08-31","35931732"
"8di5","SARS-CoV-2","Beta","RBD","F6","null","3.04","2022-08-24","35875685"
"8dad","SARS-CoV-2","none","RBD","AZ090","null","3.85","2022-08-24","null"
"7yeg","SARS-CoV-2","none","RBD","R1-32","ACE2","3.73","2022-08-24","null"
"7ye9","SARS-CoV-2","none","full","R1-32","null","4.17","2022-08-24","null"
"7ye5","SARS-CoV-2","none","full","R1-32","null","6.75","2022-08-24","null"
"7ydy","SARS-CoV-2","none","full","R1-32","null","4.75","2022-08-24","null"
"7ydi","SARS-CoV-2","Orig","RBD","R1-32","ACE2","3.98","2022-08-24","null"
"7v5k","MERS-CoV","null","full","0722","null","2.8","2022-08-24","null"
"7t67","SARS-CoV-2","Orig","full","null","null","3.0","2022-08-24","null"
"7t3m","SARS-CoV-2","Orig","full","2-7","null","3.0","2022-08-24","null"
"7ru8","SARS-CoV-2","none","RBD","CC6.30","null","3.8","2022-08-24","35971553"
"7ru5","SARS-CoV-2","none","full","CC6.30","null","3.6","2022-08-24","35971553"
"7ru4","SARS-CoV-2","none","full","CC6.33","null","3.3","2022-08-24","35971553"
"7ru3","SARS-CoV-2","none","full","CC6.33","null","3.3","2022-08-24","35971553"
"7ru2","SARS-CoV-2","none","full","null","null","3.0","2022-08-24","35971553"
"7ru1","SARS-CoV-2","none","full","null","null","2.8","2022-08-24","35971553"
"7zbu","SARS-CoV-2","Orig","RBD, SD1, SD2, NTD","P008_60","null","4.31","2022-08-17","null"
"7y9n","SARS-CoV-2","Omicron BA.2","SARS-coV-2 S2 subunit","null","null","1.89","2022-08-17","35757908"
"7x7u","SARS-CoV-2","Delta","RBD","X01, X10, X17","null","3.77","2022-08-17","null"
"7x7t","SARS-CoV-2","Orig","RBD","X01, X10, X17","null","3.48","2022-08-17","null"
"7wm0","SARS-CoV-2","Omicron","RBD","35B5","null","3.35","2022-08-17","null"
"7wa1","SARS-CoV-2","Orig","RBD","","ACE2","2.9","2022-08-17","null"
"7w8s","SARS-CoV-2","Orig","RBD","","ACE2","2.85","2022-08-17","null"
"7v3l","MERS-CoV","null","S2","","HR2P","3.47","2022-08-17","null"
"7wcd","SARS-CoV-2","Orig","full","TAU-2212","null","3.3","2022-08-10","null"
"7voa","SARS-CoV-2","Orig","RBD","aRBD5","null","1.8","2022-08-10","null"
"7v27","SARS-CoV-2","Orig","RBD","XG005","null","4.18","2022-08-10","null"
"7v24","SARS-CoV-2","none","full","N12-9","null","3.29","2022-08-10","null"
"7v23","SARS-CoV-2","none","full","N12-9","null","2.96","2022-08-10","null"
"7v22","SARS-CoV-2","none","NTD","null","null","3.38","2022-08-10","null"
"7v20","SARS-CoV-2","none","full","null","null","2.86","2022-08-10","null"
"7upy","SARS-CoV-2","Orig","full","SP1-77","null","3.44","2022-08-10","null"
"7upx","SARS-CoV-2","Orig","RBD","SP1-77","null","3.2","2022-08-10","null"
"7upw","SARS-CoV-2","Orig","RBD","SP1-77","null","3.44","2022-08-10","null"
"7upl","SARS-CoV-2","Omicron","full","002-S21F2","null","4.1","2022-08-10","null"
"7u0p","SARS-CoV-2","none","full","002-S21F2","null","3.76","2022-08-10","null"
"7fjc","SARS-CoV-2","none","RBD","P36-5D2","null","2.96","2022-08-10","null"
"8dt3","SARS-CoV-2","Orig","RBD","SW186","null","3.3","2022-08-03","null"
"8df5","SARS-CoV-2","none","RBD","S304,S309","ACE2","2.7","2022-08-03","35762884"
"7u09","SARS-CoV-2","Omicron BA.2","fusion peptide","C13B8","null","2.1","2022-08-03","35857703"
"7u0a","SARS-CoV-2","Omicron BA.2","fusion peptide","C77G12","null","1.7","2022-08-03","35857703"
"7t7b","SARS-CoV-2","Orig","RBD","ADI-62113","null","2.59","2022-08-03","null"
"7qtk","SARS-CoV-2","Omicron B.1.1.529","RBD","1-P2G3","null","3.84","2022-08-03","null"
"7qtj","SARS-CoV-2","Omicron B.1.1.529","RBD","1-P2G3,1-P5C3","null","4.01","2022-08-03","null"
"7qti","SARS-CoV-2","Omicron B.1.1.529","RBD","1-P2G3,1-P5C3","null","3.04","2022-08-03","null"
"8dao","SARS-CoV-2","Omicron BA.2","fusion peptide","COV44-79","null","2.8","2022-07-27","null"
"8d36","SARS-CoV-2","Omicron BA.2","fusion peptide","COV44-62","null","1.45","2022-07-27","null"
"8d6z","SARS-CoV-2","Omicron BA.2","fusion peptide","COV91-27","null","2.3","2022-07-27","null"
"7wz1","SARS-CoV-2","Omicron","full","null","null","3.4","2022-07-27","null"
"7p5q","SARS-CoV-2","Alpha","RBD fragment","null","null","null","2022-07-27","null"
"7p5g","SARS-CoV-2","Delta","RBD fragment","null","null","null","2022-07-27","null"
"8csa","SARS-CoV-2","Orig","full","null","null","3.84","2022-07-20","null"
"7xu6","SARS-CoV-2","Orig","full","null","null","2.9","2022-07-20","null"
"7xu5","SARS-CoV-2","Orig","full","null","null","3.1","2022-07-20","null"
"7xu4","SARS-CoV-2","Orig","full","null","null","3.2","2022-07-20","null"
"7xu3","SARS-CoV-2","Orig","full","null","null","3.0","2022-07-20","null"
"7xu2","SARS-CoV-2","Orig","full","null","null","3.2","2022-07-20","null"
"7xu1","SARS-CoV-2","Orig","full","null","null","3.0","2022-07-20","null"
"7xu0","SARS-CoV-2","Orig","full","null","null","2.9","2022-07-20","null"
"7xtz","SARS-CoV-2","Orig","full","null","null","2.8","2022-07-20","null"
"7wz2","SARS-CoV-2","Orig","full","null","null","2.7","2022-07-20","null"
"7wp2","SARS-CoV-2","none","RBD","VacW-209","null","3.52","2022-07-20","35260792"
"7wp0","SARS-CoV-2","Delta","RBD","VacW-209","null","3.71","2022-07-20","35260792"
"7woc","SARS-CoV-2","Orig","RBD","IgG 553-60","null","3.35","2022-07-20","null"
"7wob","SARS-CoV-2","Orig","full","IgG 553-60","null","3.25","2022-07-20","null"
"7woa","SARS-CoV-2","Orig","full","IgG 553-60","null","3.25","2022-07-20","null"
"7wo7","SARS-CoV-2","Orig","RBD","IgG 553-15","null","3.8","2022-07-20","null"
"7wo5","SARS-CoV-2","Orig","full","IgG 553-15","null","3.45","2022-07-20","null"
"7wo4","SARS-CoV-2","Orig","full","IgG 553-15","null","4.47","2022-07-20","null"
"7vq0","SARS-CoV-2","Orig","full","P86","null","3.03","2022-07-20","35794202"
"7sl5","SARS-CoV-2","Omicron BA.2","fusion peptide","VP12E7","null","2.5","2022-07-20","null"
"7z86","SARS-CoV-2","Orig","full","H11-H4, Q98R, H100E","null","3.4","2022-07-13","null"
"7z85","SARS-CoV-2","Orig","full","H11-B5","null","3.1","2022-07-13","null"
"7z9r","SARS-CoV-2","Orig","full","H11-H4, Q98R, H100E","null","4.2","2022-07-13","null"
"7z9q","SARS-CoV-2","Orig","full","H11-A10","null","3.6","2022-07-13","null"
"7z7x","SARS-CoV-2","Orig","full","H11-H6","null","3.3","2022-07-13","null"
"7z6v","SARS-CoV-2","Orig","full","H11","null","3.1","2022-07-13","null"
"7xns","SARS-CoV-2","Omicron BA.2.12.1","full","null","null","3.48","2022-07-13","35714668"
"7xnr","SARS-CoV-2","Omicron BA.2.13","full","null","null","3.49","2022-07-13","35714668"
"7xnq","SARS-CoV-2","Omicron BA.4","full","null","null","3.52","2022-07-13","35714668"
"7xiy","SARS-CoV-2","Omicron BA.3","full","null","null","3.07","2022-07-13","35714668"
"7xix","SARS-CoV-2","Omicron BA.2","full","null","null","3.25","2022-07-13","35714668"
"7xiw","SARS-CoV-2","Omicron BA.2","full","null","null","3.62","2022-07-13","35714668"
"7x6a","SARS-CoV-2","Omicron BA.2","full","BD55-5840","null","3.5","2022-07-13","35714668"
"7wp1","SARS-CoV-2","none","RBD","VacW-209","null","3.77","2022-07-13","35260792"
"7won","SARS-CoV-2","Orig","RBD","VacW-209","null","3.9","2022-07-13","35260792"
"7wjz","SARS-CoV-2","Omicron","bitrimer","6m6","null","3.34","2022-07-13","35768499"
"7wjy","SARS-CoV-2","Omicron","full","6m6","null","3.24","2022-07-13","35768499"
"7p19","SARS-CoV-2","Orig","RBD","","ACE2","3.24","2022-07-13","null"
"7fb4","SARS-CoV-2","Orig","full","null","null","3.4","2022-07-13","null"
"7fb3","SARS-CoV-2","Orig","full","null","null","3.1","2022-07-13","null"
"7fb1","SARS-CoV-2","Orig","full","null","null","3.7","2022-07-13","null"
"7fb0","SARS-CoV-2","Orig","full","null","null","3.4","2022-07-13","null"
"8dcc","SARS-CoV-2","none","RBD","P2B-2F6","null","2.6","2022-07-06","34013270"
"8cyj","SARS-CoV-2","Orig","RBD","2-10, 2-67, 2-62, 1-25","null","3.6","2022-07-06","35738279"
"8cyd","SARS-CoV-2","Orig","full","2-45","null","2.6","2022-07-06","35738279"
"8cyc","SARS-CoV-2","Orig","full","2-34","null","2.9","2022-07-06","35738279"
"8cyb","SARS-CoV-2","Orig","full","1-8","null","2.7","2022-07-06","35738279"
"8cya","SARS-CoV-2","Orig","full","2-67","null","2.7","2022-07-06","35738279"
"8cy9","SARS-CoV-2","Orig","full","2-67","null","2.9","2022-07-06","35738279"
"8cy7","SARS-CoV-2","Orig","full","2-34","null","2.9","2022-07-06","35738279"
"8cy6","SARS-CoV-2","Orig","full","2-65","null","3.2","2022-07-06","35738279"
"8cxq","SARS-CoV-2","Orig","full","1-22","null","2.3","2022-07-06","35738279"
"8cxn","SARS-CoV-2","Orig","full","2-57","null","2.9","2022-07-06","35738279"
"8cwv","SARS-CoV-2","Orig","RBD","2-31, CC12.1","null","2.51","2022-07-06","35738279"
"8cwu","SARS-CoV-2","Orig","RBD","1-21","null","1.71","2022-07-06","35738279"
"7y42","SARS-CoV-2","Orig","full","null","null","3.45","2022-07-06","null"
"8dce","SARS-CoV-2","none","RBD","C144","null","2.0","2022-06-29","null"
"7xh8","SARS-CoV-2","Omicron","RBD","ZCB11","null","2.99","2022-06-29","null"
"7w1s","SARS-CoV-2","Orig","RBD","Nb-007","null","2.0","2022-06-29","35663966"
"7f6z","SARS-CoV-2","Beta","RBD","BD-503","null","3.0","2022-06-29","null"
"7f6y","SARS-CoV-2","Orig","RBD","BD-503","null","3.0","2022-06-29","null"
"7f5h","SARS-CoV-2","Orig","RBD","DL28","null","3.0","2022-06-29","null"
"7wro","SARS-CoV-2","Delta","RBD","BD55-3372","null","3.4","2022-06-22","null"
"7whz","SARS-CoV-2","Orig","RBD","XMA04, XMA01, XMA09","null","3.42","2022-06-22","35594869"
"7wgc","SARS-CoV-2","Omicron","RBD","","ACE2","3.6","2022-06-22","35120603"
"7wgb","SARS-CoV-2","Omicron","full","","ACE2","3.5","2022-06-22","35120603"
"7wg9","SARS-CoV-2","Delta","full","null","null","3.5","2022-06-22","35120603"
"7wg8","SARS-CoV-2","Delta","full","null","null","3.9","2022-06-22","35120603"
"7wg7","SARS-CoV-2","Omicron","full","null","null","4.0","2022-06-22","35120603"
"7vrw","SARS-CoV-2","none","full","null","null","3.6","2022-06-22","null"
"7vrv","SARS-CoV-2","none","full","null","null","4.2","2022-06-22","null"
"7fc5","SARS-CoV-2","Orig","RBD","","ACE2","2.89","2022-06-22","null"
"7f5r","SARS-CoV-2","Orig","RBD","","ACE2","3.01","2022-06-22","null"
"7f3q","SARS-CoV-2","Orig","RBD","A5-10, A34-2","null","3.3","2022-06-22","null"
"7xod","SARS-CoV-2","Omicron BA.2","full","JMB2002, Nanobody","null","3.27","2022-06-15","null"
"7xoc","SARS-CoV-2","Omicron BA.2","RBD","","ACE2","3.0","2022-06-15","null"
"7xob","SARS-CoV-2","Omicron BA.2","full","","ACE2","3.3","2022-06-15","null"
"7xoa","SARS-CoV-2","Omicron BA.2","full","","ACE2","3.2","2022-06-15","null"
"7xo9","SARS-CoV-2","Omicron BA.2","RBD","","ACE2","3.0","2022-06-15","null"
"7xo8","SARS-CoV-2","Omicron BA.2","full","","ACE2","3.48","2022-06-15","null"
"7xo7","SARS-CoV-2","Omicron BA.2","full","","ACE2","3.38","2022-06-15","null"
"7xo6","SARS-CoV-2","Omicron BA.1","RBD","","ACE2","2.6","2022-06-15","35641567"
"7xo5","SARS-CoV-2","Omicron BA.1","full","","ACE2","3.13","2022-06-15","35641567"
"7xo4","SARS-CoV-2","Omicron BA.1","full","","ACE2","3.24","2022-06-15","35641567"
"7xid","SARS-CoV-2","Omicron","full","","ACE2","3.3","2022-06-15","35607524"
"7xic","SARS-CoV-2","Omicron","full","STS165","null","3.3","2022-06-15","35607524"
"7fcq","SARS-CoV-2","Orig","RBD","P14-44","null","1.89","2022-06-15","35108220"
"7fcp","SARS-CoV-2","Orig","RBD","P14-44,P5-22","null","2.4","2022-06-15","35108220"
"7f15","SARS-CoV-2","none","RBD","neutralizing antibody","null","2.65","2022-06-15","null"
"7f12","SARS-CoV-2","none","RBD","neutralizing antibody","null","3.15","2022-06-15","null"
"7f7h","SARS-CoV-2","Orig","RBD","A8-1","null","3.19","2022-06-15","null"
"7f0x","SARS-CoV-2","Orig","RBD","neutralizing antibody","null","2.8","2022-06-15","null"
"7wri","SARS-CoV-2","Omicron","RBD","","ACE2","3.03","2022-06-08","null"
"7w6u","SARS-CoV-2","Orig","RBD","","ACE2","2.56","2022-06-08","null"
"7uhc","SARS-CoV-2","none","full","","AHB2-2GS-SB175 inhibitor","3.1","2022-06-08","35412328"
"7uhb","SARS-CoV-2","none","RBD","","AHB2-2GS-SB175 inhibitor","3.0","2022-06-08","35412328"
"7r4r","SARS-CoV-2","Orig","full","1.10 nanobody","null","3.9","2022-06-08","35547740"
"7r4q","SARS-CoV-2","Orig","full","1.29 nanobody","null","3.6","2022-06-08","35547740"
"7r4i","SARS-CoV-2","Orig","full","2.15 nanobody","null","3.2","2022-06-08","35547740"
"7qus","SARS-CoV-2","Orig","full","null","null","2.39","2022-06-08","null"
"7zrc","SARS-CoV-2","Beta","full","Omi-38","null","3.5","2022-06-01","null"
"7zr9","SARS-CoV-2","Beta","full","Omi-2","null","4.0","2022-06-01","null"
"7zr8","SARS-CoV-2","Beta","RBD","Omi-38","null","3.7","2022-06-01","null"
"7zr7","SARS-CoV-2","Beta","RBD","Omi-42","null","3.7","2022-06-01","null"
"7zfc","SARS-CoV-2","Beta","RBD","Omi-18, Nanobody C1","null","3.24","2022-06-01","null"
"7wwm","SARS-CoV-2","Delta","full","ZWC6","null","2.8","2022-06-01","35478188"
"7wwl","SARS-CoV-2","Delta","full","ZWD12","null","3.0","2022-06-01","35478188"
"7ws9","SARS-CoV-2","Omicron","full","","ACE2","2.9","2022-06-01","35477022"
"7ws8","SARS-CoV-2","Omicron","full","","ACE2","3.0","2022-06-01","35477022"
"7ws7","SARS-CoV-2","Wild","RBD","510A5","null","3.4","2022-06-01","35477022"
"7ws5","SARS-CoV-2","Omicron","full","510A5","null","3.7","2022-06-01","35477022"
"7ws4","SARS-CoV-2","Omicron","full","510A5","null","3.7","2022-06-01","35477022"
"7ws3","SARS-CoV-2","Delta","full","510A5","null","3.6","2022-06-01","35477022"
"7ws2","SARS-CoV-2","Wild","RBD","510A5","null","3.3","2022-06-01","35477022"
"7ws1","SARS-CoV-2","Wild","full","510A5","null","3.4","2022-06-01","35477022"
"7ws0","SARS-CoV-2","Wild","full","510A5","null","3.2","2022-06-01","35477022"
"7qur","SARS-CoV-2","Orig","full","null","null","2.27","2022-06-01","null"
"7fau","SARS-CoV-2","none","RBD","NB1B11","null","2.08","2022-06-01","35276082"
"7x7o","SARS-CoV-2","Orig","RBD","UT28K","null","3.75","2022-05-25","35543180"
"7wlz","SARS-CoV-2","Omicron","full","35B5","null","2.98","2022-05-25","35436443"
"7wly","SARS-CoV-2","Omicron","full","35B5","null","3.4","2022-05-25","35436443"
"7qdh","SARS-CoV-2","Orig","full","null","null","4.2","2022-05-25","null"
"7qdg","SARS-CoV-2","Orig","full","null","null","3.4","2022-05-25","null"
"7mxp","SARS-CoV-2","Orig","full","LP5","null","4.46","2022-05-25","null"
"7f5g","SARS-CoV-2","Orig","RBD","DL4","null","1.75","2022-05-25","35460753"
"7zdq","SARS-CoV-2","none","RBD","","ACE2","3.2","2022-05-18","null"
"7wg6","SARS-CoV-2","Omicron","full","null","null","3.4","2022-05-18","null"
"7qf1","SARS-CoV-2","none","RBD","CV2.6264","null","2.8","2022-05-18","null"
"7qf0","SARS-CoV-2","none","RBD","CV2.6264","null","2.3","2022-05-18","null"
"7qez","SARS-CoV-2","none","RBD","CV2.1169, CR3022","null","2.89","2022-05-18","null"
"7fat","SARS-CoV-2","none","RBD","NB1A7","null","1.99","2022-05-18","null"
"7epx","SARS-CoV-2","Orig","full","GW01","null","3.0","2022-05-18","35443747"
"7x9e","SARS-CoV-2","Omicron BA.2","Spike peptide 809-823","76E1","null","2.6","2022-05-11","null"
"7whk","SARS-CoV-2","Omicron","full","Bn03_nano1,Bn03_nano2","null","3.01","2022-05-11","35344711"
"7whj","SARS-CoV-2","Omicron","full","Bn03_nano1,Bn03_nano2","null","3.27","2022-05-11","35344711"
"7whi","SARS-CoV-2","Omicron","full","Bn03_nano1,Bn03_nano2","null","2.93","2022-05-11","35344711"
"7sbu","SARS-CoV-2","Orig","RBD","J08","null","2.53","2022-05-11","null"
"7s6l","SARS-CoV-2","none","full","J08","null","4.0","2022-05-11","null"
"7s6k","SARS-CoV-2","none","full","J08","null","3.4","2022-05-11","null"
"7s6j","SARS-CoV-2","none","full","J08","null","3.4","2022-05-11","null"
"7s6i","SARS-CoV-2","none","full","null","null","3.2","2022-05-11","null"
"7z3z","SARS-CoV-2","Wild","full","null","null","3.1","2022-05-04","null"
"7wee","SARS-CoV-2","Omicron","RBD","XGv265","null","4.0","2022-05-04","35090164"
"7wec","SARS-CoV-2","Omicron","full","XGv347","null","3.3","2022-05-04","35090164"
"7web","SARS-CoV-2","Omicron","full","XGv347","null","3.7","2022-05-04","35090164"
"7wea","SARS-CoV-2","Omicron","full","XGv347","null","3.3","2022-05-04","35090164"
"7we9","SARS-CoV-2","Omicron","full","XGv289","null","3.6","2022-05-04","35090164"
"7we8","SARS-CoV-2","Omicron","full","XGv265","null","3.5","2022-05-04","35090164"
"7we7","SARS-CoV-2","Omicron","full","XGv282","null","3.8","2022-05-04","35090164"
"7urs","SARS-CoV-2","Delta","RBD","CoV11","null","2.4","2022-05-04","null"
"7urq","SARS-CoV-2","Delta","RBD","CoV11","null","2.05","2022-05-04","null"
"7u2e","SARS-CoV-2","Orig","RBD","ADI-55688","null","2.85","2022-05-04","35313576"
"7u2d","SARS-CoV-2","Orig","RBD","ADG20","null","2.76","2022-05-04","35313576"
"7rbv","SARS-CoV-2","none","full","PVI.V6-14","null","3.6","2022-05-04","35467422"
"7rbu","SARS-CoV-2","Kappa","NTD","PVI.V6-14","null","3.7","2022-05-04","35467422"
"7x7n","SARS-CoV-2","Orig","full","","SIH-5 synthetic peptide","4.47","2022-04-27","null"
"7uar","SARS-CoV-2","none","full","C1717","null","3.5","2022-04-27","null"
"7uaq","SARS-CoV-2","none","NTD","C1052","null","3.1","2022-04-27","null"
"7uap","SARS-CoV-2","none","full","C1052","null","2.8","2022-04-27","null"
"7swp","SARS-CoV-2","Orig","RBD","G32Q4","null","3.8","2022-04-27","null"
"7swo","SARS-CoV-2","Orig","RBD","C98C7","null","4.1","2022-04-27","null"
"7swn","SARS-CoV-2","Orig","RBD","G32A4","null","4.3","2022-04-27","null"
"7si2","SARS-CoV-2","Orig","RBD","10-28","null","3.2","2022-04-27","null"
"7sd5","SARS-CoV-2","Orig","RBD","10-40","null","1.53","2022-04-27","null"
"7fjs","SARS-CoV-2","Beta","RBD","T6","null","2.9","2022-04-27","35291264"
"7fjn","SARS-CoV-2","Beta","full","T6","null","3.25","2022-04-27","35291264"
"7x7e","SARS-CoV-2","Orig","RBD","Nb22","null","2.67","2022-04-20","null"
"7ub6","SARS-CoV-2","Omicron BA.2","full","null","null","3.52","2022-04-20","null"
"7ub5","SARS-CoV-2","Omicron BA.2","full","null","null","3.35","2022-04-20","null"
"7ub0","SARS-CoV-2","Omicron BA.2","full","null","null","3.31","2022-04-20","null"
"7tpr","SARS-CoV-2","none","full","7A3, 8A2","null","2.39","2022-04-20","34751270"
"7rq6","SARS-CoV-2","none","full","CV3-13","null","4.18","2022-04-20","null"
"7r40","SARS-CoV-2","Orig","full","87G7","null","2.9","2022-04-20","null"
"7z0y","SARS-CoV-2","Orig","RBD","THSC20.HVTR04","null","2.95","2022-04-13","null"
"7z0x","SARS-CoV-2","Orig","RBD","THSC20.HVTR26","null","1.8","2022-04-13","null"
"7x7d","SARS-CoV-2","Delta","RBD","Nb22","null","2.92","2022-04-13","null"
"7t01","SARS-CoV-2","Orig","RBD","Fab 54042-4","null","2.69","2022-04-13","34592170"
"7raq","SARS-CoV-2","Omicron BA.2","Stem helix","CV3-25","null","1.74","2022-04-13","null"
"7fjo","SARS-CoV-2","Beta","full","T6","null","3.34","2022-04-13","35291264"
"7ek0","SARS-CoV-2","Alpha","RBD","BD-503","null","2.7","2022-04-13","null"
"7ejz","SARS-CoV-2","Orig","RBD","BD-503","null","3.63","2022-04-13","null"
"7ejy","SARS-CoV-2","Orig","RBD","BD-503","null","3.04","2022-04-13","null"
"7wvq","SARS-CoV-2","Omicron","full","","ACE2","4.04","2022-04-06","null"
"7wvp","SARS-CoV-2","Omicron","full","","ACE2","3.7","2022-04-06","null"
"7tik","SARS-CoV-2","Omicron BA.2","S2 post fusion subunit","null","null","2.4","2022-04-06","null"
"7rzv","SARS-CoV-2","Gamma","HR","null","null","2.11","2022-04-06","null"
"7rzu","SARS-CoV-2","Omicron BA.2","HR","null","null","2.3","2022-04-06","null"
"7rzt","SARS-CoV-2","Omicron BA.2","HR","null","null","2.35","2022-04-06","null"
"7rzs","SARS-CoV-2","Omicron BA.2","HR","null","null","2.52","2022-04-06","null"
"7rzr","SARS-CoV-2","Omicron BA.2","HR","null","null","2.27","2022-04-06","null"
"7rzq","SARS-CoV-2","Omicron BA.2","HR","null","null","2.09","2022-04-06","null"
"7eng","SARS-CoV-2","none","RBD","Fab30","null","3.59","2022-04-06","null"
"7enf","SARS-CoV-2","none","full","Fab30","null","2.76","2022-04-06","null"
"7e9n","SARS-CoV-2","Orig","full","35B5","null","3.69","2022-04-06","null"
"7wph","SARS-CoV-2","Orig","RBD","Fab06","null","2.89","2022-03-30","35132410"
"7tf5","SARS-CoV-2","none","full","null","null","3.16","2022-03-30","35136050"
"7tf4","SARS-CoV-2","none","RBD","null","null","3.01","2022-03-30","35136050"
"7tf3","SARS-CoV-2","none","full","null","null","2.25","2022-03-30","35136050"
"7tf2","SARS-CoV-2","none","full","null","null","3.62","2022-03-30","35136050"
"7tf1","SARS-CoV-2","none","RBD","null","null","3.57","2022-03-30","35136050"
"7tf0","SARS-CoV-2","none","full","","ACE2","3.02","2022-03-30","35136050"
"7tex","SARS-CoV-2","none","full","","ACE2","3.27","2022-03-30","35136050"
"7te1","SARS-CoV-2","Orig","RBD","Ab17","null","3.5","2022-03-30","35303475"
"7tcc","SARS-CoV-2","Omicron","full","B1-182.1, A19-46.1","null","3.86","2022-03-30","null"
"7tca","SARS-CoV-2","Omicron","full","A19-46.1","null","3.85","2022-03-30","null"
"7tbf","SARS-CoV-2","Omicron","full","B1-182.1, A19-61.1","null","3.1","2022-03-30","null"
"7tb8","SARS-CoV-2","Omicron","full","B1-182.1, A19-61.1","null","2.83","2022-03-30","null"
"7z1e","SARS-CoV-2","null","RBD","H11-H4","null","1.59","2022-03-23","null"
"7z1d","SARS-CoV-2","null","RBD","H11-H4","null","1.55","2022-03-23","null"
"7z1c","SARS-CoV-2","Orig","RBD","H11-B5, H11-F2","null","1.9","2022-03-23","null"
"7z1b","SARS-CoV-2","Orig","RBD","H11-A10, F2","null","2.3","2022-03-23","null"
"7z1a","SARS-CoV-2","Orig","RBD","H11, F2","null","2.59","2022-03-23","null"
"7wuh","SARS-CoV-2","Orig","full","m31A7","null","4.7","2022-03-23","35230146"
"7wrv","SARS-CoV-2","Omicron","RBD","JMB2002","null","2.47","2022-03-23","35133176"
"7wpe","SARS-CoV-2","Omicron","full","JMB2002","null","2.69","2022-03-23","35133176"
"7rby","SARS-CoV-2","Orig","RBD","nb112","null","2.82","2022-03-23","null"
"7f46","SARS-CoV-2","none","RBD, NTD","35B5","null","4.79","2022-03-23","null"
"7e9p","SARS-CoV-2","none","RBD","35B5","null","3.69","2022-03-23","null"
"7wue","SARS-CoV-2","Orig","RBD","m31A7","null","3.2","2022-03-16","35230146"
"7wpf","SARS-CoV-2","Omicron","full","JMB2002","null","2.92","2022-03-16","35133176"
"7wpd","SARS-CoV-2","Omicron","full","JMB2002","null","3.18","2022-03-16","35133176"
"7tez","SARS-CoV-2","none","RBD","","ACE2","3.27","2022-03-16","35136050"
"7tey","SARS-CoV-2","Delta","full","null","null","2.25","2022-03-16","35136050"
"7tew","SARS-CoV-2","none","RBD","","ACE2","3.52","2022-03-16","35136050"
"7owx","SARS-CoV-2","Omicron BA.2","Stem helix","null","null","1.93","2022-03-16","35157347"
"7mw6","SARS-CoV-2","Orig","full","antibody clone 2","null","3.22","2022-03-16","null"
"7mw5","SARS-CoV-2","Orig","full","antibody clone 2","null","3.42","2022-03-16","null"
"7mw4","SARS-CoV-2","Orig","full","antibody clone 6","null","3.42","2022-03-16","null"
"7mw3","SARS-CoV-2","Orig","full","antibody clone 6","null","3.15","2022-03-16","null"
"7mw2","SARS-CoV-2","Orig","full","antibody clone 6","null","2.97","2022-03-16","null"
"7x08","SARS-CoV-2","Orig","full","2G1","null","2.7","2022-03-09","35169121"
"7wpc","SARS-CoV-2","Omicron","RBD","","ACE2","2.57","2022-03-09","35133176"
"7wpb","SARS-CoV-2","Omicron","RBD","","ACE2","2.79","2022-03-09","35133176"
"7wpa","SARS-CoV-2","Omicron","RBD","","ACE2","2.77","2022-03-09","35133176"
"7wp9","SARS-CoV-2","Omicron","full","null","null","2.56","2022-03-09","35133176"
"7tgy","SARS-CoV-2","Wild","full","null","null","3.0","2022-03-09","null"
"7tgx","SARS-CoV-2","Wild","full","null","null","3.2","2022-03-09","null"
"7tgw","SARS-CoV-2","Omicron","full","null","null","3.0","2022-03-09","null"
"7tge","SARS-CoV-2","Omicron","full","null","null","3.68","2022-03-09","null"
"7s5r","SARS-CoV-2","Orig","RBD","CV07-287, COVA1-16","null","2.45","2022-03-09","35076281"
"7s5q","SARS-CoV-2","Beta","RBD","CS44, COVA1-16","null","2.88","2022-03-09","35076281"
"7s5p","SARS-CoV-2","Beta","RBD","CS23","null","2.86","2022-03-09","35076281"
"7r19","SARS-CoV-2","Cluster 5","full","null","null","3.3","2022-03-09","null"
"7r18","SARS-CoV-2","Cluster 5","full","null","null","3.0","2022-03-09","null"
"7r17","SARS-CoV-2","Beta","full","null","null","3.7","2022-03-09","null"
"7r16","SARS-CoV-2","Beta","full","null","null","3.5","2022-03-09","null"
"7r15","SARS-CoV-2","Alpha","full","null","null","4.10","2022-03-02","null"
"7r14","SARS-CoV-2","Alpha","full","null","null","3.4","2022-03-09","null"
"7r13","SARS-CoV-2","Alpha","full","null","null","3.6","2022-03-09","null"
"7r12","SARS-CoV-2","Cluster 5","RBD","","ACE2","3.3","2022-03-09","null"
"7r11","SARS-CoV-2","Beta","RBD","","ACE2","3.5","2022-03-09","null"
"7r1b","SARS-CoV-2","Cluster 5","full","null","null","2.8","2022-03-09","null"
"7r0z","SARS-CoV-2","Alpha","RBD","","ACE2","3.5","2022-03-09","null"
"7q1z","SARS-CoV-2","Orig","full","null","null","3.4","2022-03-09","null"
"7e9q","SARS-CoV-2","none","full","35B5","null","3.65","2022-03-09","null"
"7e9o","SARS-CoV-2","none","full","35B5","null","3.41","2022-03-09","null"
"7wvo","SARS-CoV-2","Omicron","full","null","null","3.41","2022-03-02","null"
"7wvn","SARS-CoV-2","Omicron","full","null","null","3.4","2022-03-02","null"
"7vyr","SARS-CoV-2","none","RBD","D27","null","2.2","2022-03-02","35030983"
"7thk","SARS-CoV-2","Omicron B.1.1.529","full","null","null","3.11","2022-03-02","35172173"
"7r10","SARS-CoV-2","Alpha","RBD, NTD","","ACE2","4.0","2022-03-02","null"
"7r1a","SARS-CoV-2","Alpha","full","","ACE2","3.9","2022-03-02","null"
"7tp4","SARS-CoV-2","Orig","RBD","K398.22","null","1.95","2022-02-23","null"
"7tl9","SARS-CoV-2","Omicron","full","null","null","3.5","2022-02-23","35118469"
"7tl1","SARS-CoV-2","Omicron","full","null","null","3.5","2022-02-23","35118469"
"7q0a","SARS-CoV-2","Orig","full","FI3A","null","4.8","2022-02-23","34987630"
"7to4","SARS-CoV-2","Omicron","full","null","null","3.4","2022-02-16","null"
"7tnw","SARS-CoV-2","Omicron","full","null","null","3.1","2022-02-16","null"
"7tht","SARS-CoV-2","Orig","full","DH1042","null","3.42","2022-02-16","null"
"7tf8","SARS-CoV-2","Omicron","full","null","null","3.36","2022-02-16","35118469"
"7tei","SARS-CoV-2","Omicron","full","null","null","3.4","2022-02-16","35118469"
"7tpl","SARS-CoV-2","Delta","full","null","null","3.87","2022-02-09","35118469"
"7tph","SARS-CoV-2","Delta","full","null","null","3.58","2022-02-09","35118469"
"7tpf","SARS-CoV-2","Delta","full","null","null","3.4","2022-02-09","35118469"
"7tpe","SARS-CoV-2","Delta","full","null","null","4.0","2022-02-09","35118469"
"7tpc","SARS-CoV-2","Delta","full","null","null","3.91","2022-02-09","35118469"
"7tpa","SARS-CoV-2","Delta","full","null","null","3.6","2022-02-09","35118469"
"7tp9","SARS-CoV-2","Delta","full","null","null","3.48","2022-02-09","35118469"
"7tp8","SARS-CoV-2","Delta","full","null","null","3.4","2022-02-09","35118469"
"7tp7","SARS-CoV-2","Delta","full","null","null","3.48","2022-02-09","35118469"
"7tp2","SARS-CoV-2","Delta","full","null","null","3.72","2022-02-09","35118469"
"7tp1","SARS-CoV-2","Delta","full","null","null","3.81","2022-02-09","35118469"
"7tp0","SARS-CoV-2","Delta","full","null","null","3.57","2022-02-09","35118469"
"7toz","SARS-CoV-2","Delta","full","null","null","4.07","2022-02-09","35118469"
"7toy","SARS-CoV-2","Delta","full","null","null","3.53","2022-02-09","35118469"
"7tox","SARS-CoV-2","Delta","full","null","null","3.62","2022-02-09","35118469"
"7tov","SARS-CoV-2","Delta","full","null","null","3.16","2022-02-09","35118469"
"7tou","SARS-CoV-2","Delta","full","null","null","3.24","2022-02-09","35118469"
"7wk9","SARS-CoV-2","Omicron","full","S3H3","null","3.48","2022-02-02","null"
"7wk6","SARS-CoV-2","Omicron","RBD","","ACE2","3.67","2022-02-02","null"
"7wk5","SARS-CoV-2","Omicron","full","","ACE2","3.66","2022-02-02","null"
"7wk4","SARS-CoV-2","Omicron","full","","ACE2","3.69","2022-02-02","null"
"7wdf","SARS-CoV-2","Beta","full","S3H3","null","3.9","2022-02-02","34964428"
"7wd9","SARS-CoV-2","Beta","full","S3H3","null","3.7","2022-02-02","34964428"
"7wd8","SARS-CoV-2","Beta","SD1","S3H3","null","4.3","2022-02-02","34964428"
"7wd7","SARS-CoV-2","Beta","full","S5D2","null","3.5","2022-02-02","34964428"
"7wd0","SARS-CoV-2","Beta","full","S5D2","null","3.3","2022-02-02","34964428"
"7wcz","SARS-CoV-2","Beta","full","S5D2","null","3.5","2022-02-02","34964428"
"7wcr","SARS-CoV-2","Beta","RBD","S3H3","null","3.5","2022-02-02","34964428"
"7tm0","SARS-CoV-2","Omicron B.1.1.529","full","S309, S2L20","null","3.1","2022-02-02","35076256"
"7tlz","SARS-CoV-2","Omicron B.1.1.529","NTD","S309","null","3.3","2022-02-02","35076256"
"7tly","SARS-CoV-2","Omicron B.1.1.529","RBD","S309","null","3.0","2022-02-02","35076256"
"7tld","SARS-CoV-2","none","full","null","null","2.89","2022-02-02","null"
"7tlc","SARS-CoV-2","none","full","null","null","2.83","2022-02-02","null"
"7tlb","SARS-CoV-2","Orig","full","null","null","3.06","2022-02-02","null"
"7tla","SARS-CoV-2","Orig","full","null","null","3.13","2022-02-02","null"
"7sc1","SARS-CoV-2","none","full","R40-1G8","null","3.2","2022-02-02","34973165"
"7pr0","SARS-CoV-2","Orig","RBD","FD-5D","null","2.92","2022-02-02","34987630"
"7pqz","SARS-CoV-2","Orig","RBD","FI-3A, FD-11A","null","3.2","2022-02-02","34987630"
"7pqy","SARS-CoV-2","Orig","RBD","FI-3A","null","3.0","2022-02-02","34987630"
"7ns6","SARS-CoV-2","Orig","full","Fu2","null","3.18","2022-02-02","35013189"
"7nll","SARS-CoV-2","Orig","RBD","Fu2","null","2.89","2022-02-02","35013189"
"7f7e","SARS-CoV-2","Orig","RBD","A5-10","null","2.49","2022-02-02","35060840"
"7wka","SARS-CoV-2","Omicron","full","S3H3","null","3.64","2022-01-26","null"
"7wk8","SARS-CoV-2","Omicron","SD1","S3H3","null","3.61","2022-01-26","null"
"7wk3","SARS-CoV-2","Omicron","full","null","null","3.4","2022-01-26","null"
"7wk2","SARS-CoV-2","Omicron","full","null","null","3.1","2022-01-26","null"
"7wev","SARS-CoV-2","Beta","full","null","null","3.6","2022-01-26","34930910"
"7qo9","SARS-CoV-2","Omicron B.1.1.529","RBD, NTD","null","null","3.88","2022-01-26","null"
"7odl","SARS-CoV-2","Alpha","full","null","null","3.03","2022-01-26","35017512"
"7od3","SARS-CoV-2","Alpha","full","null","null","2.8","2022-01-26","35017512"
"7fce","SARS-CoV-2","Orig","full","null","null","3.1","2022-01-26","35017654"
"7fcd","SARS-CoV-2","Orig","full","null","null","3.9","2022-01-26","35017654"
"7qo7","SARS-CoV-2","Omicron B.1.1.529","full","null","null","3.02","2022-01-19","null"
"7qny","SARS-CoV-2","Orig","RBD","COVOX-58, COVOX-158","null","2.84","2022-01-19","34981049"
"7qnx","SARS-CoV-2","Orig","RBD","Beta-55, EY6A","null","2.92","2022-01-19","34981049"
"7pki","SARS-CoV-2","none","RBD","","ACE2","2.94","2022-01-19","null"
"7msq","SARS-CoV-2","Orig","RBD","AB-3467","null","2.29","2022-01-19","34788600"
"7w99","SARS-CoV-2","Delta","full","","ACE2","3.4","2022-01-12","null"
"7w98","SARS-CoV-2","Delta","full","","ACE2","3.6","2022-01-12","null"
"7w94","SARS-CoV-2","Delta","full","null","null","3.4","2022-01-12","null"
"7w92","SARS-CoV-2","Delta","full","null","null","3.1","2022-01-12","null"
"7w9e","SARS-CoV-2","Delta","full","H5M9","null","3.1","2022-01-12","null"
"7w9c","SARS-CoV-2","Delta","full","","ACE2","3.2","2022-01-12","null"
"7w9b","SARS-CoV-2","Delta","full","","ACE2","3.4","2022-01-12","null"
"7vxm","SARS-CoV-2","Beta","full","","ACE2","3.6","2022-01-12","34930910"
"7tb4","SARS-CoV-2","Omicron","full","null","null","3.29","2022-01-12","33655252"
"7tat","SARS-CoV-2","none","full","S2K146","null","3.2","2022-01-12","null"
"7tas","SARS-CoV-2","none","RBD","S2K146","null","3.2","2022-01-12","null"
"7t9l","SARS-CoV-2","Omicron","RBD","","ACE2","2.66","2021-12-29","null"
"7t9k","SARS-CoV-2","Omicron","full","","ACE2","2.45","2021-12-29","null"
"7t9j","SARS-CoV-2","Omicron","full","2H04","null","2.79","2021-12-29","null"
"7sy8","SARS-CoV-2","none","RBD","","ACE2","3.14","2021-12-29","34914928"
"7sy7","SARS-CoV-2","none","full","","ACE2","2.81","2021-12-29","34914928"
"7sy6","SARS-CoV-2","none","RBD","","ACE2","2.81","2021-12-29","34914928"
"7sy5","SARS-CoV-2","none","full","","ACE2","2.59","2021-12-29","34914928"
"7sy4","SARS-CoV-2","none","RBD","","ACE2","3.35","2021-12-29","34914928"
"7sy3","SARS-CoV-2","none","full","","ACE2","2.95","2021-12-29","34914928"
"7sy2","SARS-CoV-2","none","RBD","","ACE2","3.11","2021-12-29","34914928"
"7sy1","SARS-CoV-2","none","full","","ACE2","2.83","2021-12-29","34914928"
"7sy0","SARS-CoV-2","none","RBD","","ACE2","3.0","2021-12-29","34914928"
"7sxz","SARS-CoV-2","none","full","","ACE2","2.61","2021-12-29","34914928"
"7sxy","SARS-CoV-2","none","RBD","","ACE2","2.79","2021-12-29","34914928"
"7sxx","SARS-CoV-2","none","full","","ACE2","2.66","2021-12-29","34914928"
"7sxw","SARS-CoV-2","none","full","null","null","2.85","2021-12-29","34914928"
"7sxv","SARS-CoV-2","none","full","null","null","2.79","2021-12-29","34914928"
"7sxu","SARS-CoV-2","none","full","null","null","3.0","2021-12-29","34914928"
"7sxt","SARS-CoV-2","none","full","null","null","2.31","2021-12-29","34914928"
"7sxs","SARS-CoV-2","none","full","null","null","2.64","2021-12-29","34914928"
"7sxr","SARS-CoV-2","none","full","null","null","3.0","2021-12-29","34914928"
"7dqa","SARS-CoV-2","Orig","RBD","","","2.8","2021-12-29","null"
"7vxk","SARS-CoV-2","Beta","full","","ACE2","3.7","2021-12-22","34930910"
"7vxi","SARS-CoV-2","Kappa","full","null","null","3.4","2021-12-22","null"
"7vxc","SARS-CoV-2","Kappa","full","","ACE2","3.9","2021-12-22","null"
"7vxb","SARS-CoV-2","Kappa","full","","ACE2","3.9","2021-12-22","null"
"7q0i","SARS-CoV-2","Beta","NTD","Beta-43","null","2.39","2021-12-22","34921776"
"7q0h","SARS-CoV-2","Beta","RBD","Beta-50, Beta-54","null","3.65","2021-12-22","34921776"
"7q0g","SARS-CoV-2","Beta","RBD","Beta-50, FI-3A","null","1.82","2021-12-22","34921776"
"7faf","SARS-CoV-2","none","full","P36-5D2","null","3.69","2021-12-22","null"
"7fae","SARS-CoV-2","none","full","P36-5D2","null","3.65","2021-12-22","null"
"7rpv","SARS-CoV-2","Orig","RBD","","ACE2","3.54","2021-12-15","34845451"
"7q9p","SARS-CoV-2","Beta","full","Beta-06","null","4.5","2021-12-15","34921776"
"7q9m","SARS-CoV-2","Beta","full","Beta-53","null","3.7","2021-12-15","34921776"
"7q9k","SARS-CoV-2","Beta","full","Beta-53","null","4.5","2021-12-15","34921776"
"7q9j","SARS-CoV-2","Beta","full","Beta-26","null","4.0","2021-12-15","34921776"
"7q9i","SARS-CoV-2","Beta","full","Beta-43","null","4.9","2021-12-15","34921776"
"7q9g","SARS-CoV-2","Beta","full","COVOX-222","null","3.3","2021-12-15","34921776"
"7q9f","SARS-CoV-2","Beta","full","Beta-50","null","3.6","2021-12-15","34921776"
"7q6e","SARS-CoV-2","Beta","full","Beta049","null","2.7","2021-12-15","34921776"
"7ps7","SARS-CoV-2","Beta","RBD","Beta-40","null","3.9","2021-12-15","34921776"
"7ps6","SARS-CoV-2","Beta","RBD","Beta-44, Beta-54","null","2.26","2021-12-15","34921776"
"7ps5","SARS-CoV-2","Beta","RBD","Beta-47","null","3.14","2021-12-15","34921776"
"7ps4","SARS-CoV-2","Beta","RBD","Beta-38","null","1.94","2021-12-15","34921776"
"7ps2","SARS-CoV-2","Beta","RBD","Beta-29, Beta-53","null","2.99","2021-12-15","34921776"
"7ps1","SARS-CoV-2","Beta","RBD","Beta-27","null","2.4","2021-12-15","34921776"
"7ps0","SARS-CoV-2","Beta","RBD","Beta-24","null","2.92","2021-12-15","34921776"
"7prz","SARS-CoV-2","Beta","RBD","Beta-22","null","3.2","2021-12-15","34921776"
"7pry","SARS-CoV-2","Beta","RBD","COVOX-45, beta-6","null","3.1","2021-12-15","34921776"
"7fet","SARS-CoV-2","Alpha","full","null","null","3.7","2021-12-15","34750362"
"7fem","SARS-CoV-2","Alpha","full","null","hACE2","4.1","2021-12-15","34750362"
"7sn3","SARS-CoV-2","none","full","C1C-A3","null","3.1","2021-12-08","null"
"7sn2","SARS-CoV-2","none","RBD","C1C-A3","null","4.3","2021-12-08","null"
"7nab","SARS-CoV","null","MPER","CV3-25","null","2.15","2021-12-08","34971573"
"7dk2","SARS-CoV-2","Orig","RBD","MW07","null","3.0","2021-12-08","null"
"7vxf","SARS-CoV-2","Beta","full","","ACE2","3.6","2021-12-01","34930910"
"7vxe","SARS-CoV-2","Kappa","full","null","null","3.2","2021-12-01","null"
"7vxd","SARS-CoV-2","Beta","full","","ACE2","4.0","2021-12-01","34930910"
"7vx5","SARS-CoV-2","Kappa","RBD","","ACE2","3.8","2021-12-01","null"
"7vx4","SARS-CoV-2","Beta","RBD","","ACE2","3.9","2021-12-01","null"
"7b0b","SARS-CoV-2","Orig","RBD","HbnC3t1p1_C6","null","2.98","2021-12-01","null"
"7vxa","SARS-CoV-2","Kappa","full","","ACE2","3.9","2021-11-24","null"
"7vx9","SARS-CoV-2","Kappa","full","","ACE2","4.0","2021-11-24","null"
"7vx1","SARS-CoV-2","Beta","full","null","null","3.5","2021-11-24","null"
"7vne","SARS-CoV-2","Orig","full","n3113.1","null","3.5","2021-11-24","34732694"
"7vnd","SARS-CoV-2","Orig","full","n3113","null","3.6","2021-11-24","34732694"
"7vnc","SARS-CoV-2","Orig","full","n3113","null","3.7","2021-11-24","34732694"
"7efr","SARS-CoV-2","Orig","RBD","","ACE2","2.49","2021-11-24","34531369"
"7efp","SARS-CoV-2","Orig","RBD","","ACE2","2.7","2021-11-24","34531369"
"6x45","SARS-CoV-2","Beta","HR","null","null","2.2","2021-11-24","null"
"7sof","SARS-CoV-2","Kappa","NTD","S2X303","null","3.6","2021-11-17","34751595"
"7soe","SARS-CoV-2","Kappa","full","S2X303","null","2.8","2021-11-17","34751595"
"7sod","SARS-CoV-2","Kappa","NTD","S2L20","null","3.2","2021-11-17","34751595"
"7soc","SARS-CoV-2","Kappa","RBD","S309","null","3.3","2021-11-17","34751595"
"7sob","SARS-CoV-2","Kappa","full","S309, S2L20","null","2.4","2021-11-17","34751595"
"7soa","SARS-CoV-2","Delta","NTD","S2L20","null","3.1","2021-11-17","34751595"
"7so9","SARS-CoV-2","Delta","full","S2M11, S2L20","null","2.4","2021-11-17","34751595"
"7np1","SARS-CoV-2","none","RBD","ION-360","null","2.8","2021-11-17","34211469"
"7e9t","SARS-CoV-2","Beta","full","null","null","10.9","2021-11-17","null"
"7e5s","SARS-CoV-2","Orig","full","null","null","3.6","2021-11-17","33782529"
"7bnv","SARS-CoV-2","Orig","RBD","ION-300","null","2.35","2021-11-17","34211469"
"7sg4","SARS-CoV","null","full","DH1047","null","3.43","2021-11-10","34726473"
"7sbt","SARS-CoV-2","Gamma","full","null","null","3.5","2021-11-10","34698504"
"7sbl","SARS-CoV-2","Delta","full","null","null","3.44","2021-11-10","34698504"
"7n4m","SARS-CoV-2","Orig","RBD","WRAIR-2151","null","3.79","2021-11-10","34716452"
"7n4l","SARS-CoV-2","Orig","RBD","WRAIR-2125","null","3.6","2021-11-10","34716452"
"7sbs","SARS-CoV-2","Gamma","full","","","3.8","2021-11-03","null"
"7sbr","SARS-CoV-2","Kappa","full","","","4.3","2021-11-03","null"
"7sbq","SARS-CoV-2","Kappa","full","","","3.7","2021-11-03","null"
"7sbp","SARS-CoV-2","Kappa","full","","","3.1","2021-11-03","null"
"7sbo","SARS-CoV-2","Delta","full","","","4.3","2021-11-03","null"
"7sbk","SARS-CoV-2","Delta","full","","","3.1","2021-11-03","null"
"7n5h","SARS-CoV-2","Orig","full","2-36","null","3.24","2021-11-03","34671769"
"7ekh","SARS-CoV-2","Orig","RBD","","ACE2","2.4","2021-11-03","34671049"
"7ekg","SARS-CoV-2","Beta","RBD","","ACE2","2.63","2021-11-03","34671049"
"7ekf","SARS-CoV-2","Alpha","RBD","","ACE2","2.85","2021-11-03","34671049"
"7eke","SARS-CoV-2","Orig","RBD","","ACE2","2.7","2021-11-03","34671049"
"7ekc","SARS-CoV-2","Gamma","RBD","","ACE2","2.8","2021-11-03","34671049"
"7v26","SARS-CoV-2","Orig","full","","","3.85","2021-10-20","34554412"
"7v2a","SARS-CoV-2","Orig","full","XG014","","3.4","2021-10-20","34554412"
"7r95","SARS-CoV-2","none","HR1","null","null","null","2021-10-20","34623907"
"7phg","SARS-CoV-2","Orig","RBD","P5C3","null","4.3","2021-10-13","34599871"
"7p40","SARS-CoV-2","none","Full","P5C3","","3.5","2021-10-13","34599871"
"7e5r","SARS-CoV-2","Orig","full","FC05, H014, P17","","3.6","2021-10-13","33782529"
"7d6i","SARS-CoV-2","Orig","RBD","GH12","null","3.41","2021-10-13","null"
"7v89","SARS-CoV-2","Delta","full","","ACE2","2.8","2021-10-06","null"
"7v88","SARS-CoV-2","Delta","full","","ACE2","3.3","2021-10-06","null"
"7v87","SARS-CoV-2","none","full","","ACE2","3.3","2021-10-06","null"
"7v86","SARS-CoV-2","Kappa","full","","ACE2","2.8","2021-10-06","null"
"7v85","SARS-CoV-2","none","full","","ACE2","3.3","2021-10-06","null"
"7v84","SARS-CoV-2","Gamma","RBD","","ACE2","3.0","2021-10-06","null"
"7v83","SARS-CoV-2","Gamma","full","","ACE2","2.8","2021-10-06","null"
"7v82","SARS-CoV-2","Gamma","full","","ACE2","2.8","2021-10-06","null"
"7v81","SARS-CoV-2","Gamma","full","","ACE2","3.2","2021-10-06","null"
"7v80","SARS-CoV-2","Beta","RBD","","ACE2","3.9","2021-10-06","null"
"7v79","SARS-CoV-2","Gamma","full","null","null","3.3","2021-10-06","null"
"7v78","SARS-CoV-2","Gamma","full","null","null","3.4","2021-10-06","null"
"7v77","SARS-CoV-2","Beta","full","","null","3.3","2021-10-06","null"
"7v76","SARS-CoV-2","Beta","full","","","3.2","2021-10-06","null"
"7v8c","SARS-CoV-2","Beta","full","null","null","3.4","2021-10-06","null"
"7v8b","SARS-CoV-2","Delta","RBD","","ACE2","3.2","2021-10-06","null"
"7v8a","SARS-CoV-2","Delta","full","","ACE2","2.7","2021-10-06","null"
"7v7z","SARS-CoV-2","Beta","full","","ACE2","3.1","2021-10-06","null"
"7v7v","SARS-CoV-2","Delta","full","null","null","3.1","2021-10-06","null"
"7v7u","SARS-CoV-2","Delta","full","null","null","3.0","2021-10-06","null"
"7v7t","SARS-CoV-2","Delta","full","null","null","3.0","2021-10-06","null"
"7v7s","SARS-CoV-2","Delta","full","null","null","3.0","2021-10-06","null"
"7v7r","SARS-CoV-2","Delta","full","null","null","2.9","2021-10-06","null"
"7v7q","SARS-CoV-2","Delta","full","null","null","2.8","2021-10-06","null"
"7v7p","SARS-CoV-2","Delta","full","null","null","2.9","2021-10-06","null"
"7v7o","SARS-CoV-2","Delta","full","null","null","2.9","2021-10-06","null"
"7v7n","SARS-CoV-2","Delta","full","null","null","2.9","2021-10-06","null"
"7v7j","SARS-CoV-2","Kappa","full","null","null","3.4","2021-10-06","null"
"7v7i","SARS-CoV-2","Kappa","full","null","null","3.3","2021-10-06","null"
"7v7h","SARS-CoV-2","Kappa","full","null","null","3.2","2021-10-06","null"
"7v7g","SARS-CoV-2","Kappa","full","null","null","3.1","2021-10-06","null"
"7v7f","SARS-CoV-2","Kappa","full","null","null","2.9","2021-10-06","null"
"7v7e","SARS-CoV-2","Kappa","full","null","null","2.9","2021-10-06","null"
"7v7d","SARS-CoV-2","Kappa","full","null","null","3.0","2021-10-06","null"
"7v7a","SARS-CoV-2","Gamma","full","null","null","3.4","2021-10-06","null"
"7s0e","SARS-CoV-2","none","S1 subunit","N-612-004","null","4.9","2021-10-06","34545362"
"7s0d","SARS-CoV-2","none","full","N-612-014","null","3.5","2021-10-06","34545362"
"7s0c","SARS-CoV-2","none","full","N-612-017","null","3.25","2021-10-06","34545362"
"7n4j","SARS-CoV-2","Orig","RBD","WRAIR-2173","null","2.21","2021-10-06","34716452"
"7n4i","SARS-CoV-2","Orig","RBD","WRAIR-2057","null","2.28","2021-10-06","34716452"
"7mzn","SARS-CoV-2","Orig","RBD","PDI 231","null","3.1","2021-10-06","34610292"
"7mzm","SARS-CoV-2","Orig","RBD","PDI 215","null","2.3","2021-10-06","34610292"
"7mzl","SARS-CoV-2","Orig","RBD","PDI 210","null","3.7","2021-10-06","34610292"
"7mzk","SARS-CoV-2","Orig","RBD","WCSL 129, PDI 96","null","2.25","2021-10-06","34610292"
"7mzj","SARS-CoV-2","Orig","RBD","WCSL 129, PDI 93","null","2.4","2021-10-06","34610292"
"7mzi","SARS-CoV-2","Orig","RBD","WCSL 129","null","1.85","2021-10-06","34610292"
"7mzh","SARS-CoV-2","Orig","RBD","WCSL 119","null","2.1","2021-10-06","34610292"
"7mzg","SARS-CoV-2","Orig","RBD","PDI 42","null","2.0","2021-10-06","34610292"
"7mzf","SARS-CoV-2","Orig","RBD","PDI 37","null","2.49","2021-10-06","34610292"
"7k9k","SARS-CoV-2","Orig","RBD","2H04","null","3.14","2021-09-29","34655519"
"7k9j","SARS-CoV-2","Orig","full","2H04","null","3.0","2021-09-29","null"
"7k9i","SARS-CoV-2","Orig","RBD","2B04","null","3.3","2021-09-29","34655519"
"7k9h","SARS-CoV-2","Orig","full","2B04","null","3.2","2021-09-29","null"
"7fg7","SARS-CoV-2","Orig","full","null","null","6.9","2021-09-29","null"
"7fg3","SARS-CoV-2","Orig","full","K-874A","null","3.9","2021-09-29","null"
"7fg2","SARS-CoV-2","Orig","full","K-874A","null","4.4","2021-09-29","null"
"7dhx","SARS-CoV-2","Orig","RBD","","ACE2","2.3","2021-09-29","null"
"7rkv","SARS-CoV-2","none","full","C118","null","3.45","2021-09-22","34534459"
"7rku","SARS-CoV-2","Orig","RBD","GH12","null","3.2","2021-09-22","34534459"
"7rks","SARS-CoV","null","RBD","C118","null","2.7","2021-09-22","34534459"
"7kn4","SARS-CoV-2","Orig","RBD","S-E6","null","2.7","2021-09-22","34716683"
"7kn3","SARS-CoV-2","Orig","RBD","S-B8","null","2.25","2021-09-22","34716683"
"7mte","SARS-CoV-2","Orig","full","null","null","3.2","2021-09-15","34461095"
"7mtd","SARS-CoV-2","Orig","full","null","null","3.5","2021-09-15","34461095"
"7mtc","SARS-CoV-2","Orig","full","null","null","2.6","2021-09-15","34461095"
"7lq7","SARS-CoV-2","Orig","RBD","CV503, COVA1-16","null","3.4","2021-09-15","34519517"
"7e3o","SARS-CoV-2","Orig","RBD","nCoV617","null","2.51","2021-09-15","null"
"7e3l","SARS-CoV-2","Orig","full","58G6","null","3.6","2021-09-15","null"
"7e3k","SARS-CoV-2","Orig","full","13G9","null","3.9","2021-09-15","null"
"7cyv","SARS-CoV-2","Orig","RBD","FD20","null","3.13","2021-09-15","null"
"7ezv","SARS-CoV-2","none","full","BD-812, BD-812","null","3.3","2021-09-08","34433900"
"7eya","SARS-CoV-2","none","full","BD-804","null","3.77","2021-09-08","34433900"
"7ey5","SARS-CoV-2","none","full","BD-771, BD-821","null","3.4","2021-09-08","34433900"
"7ey4","SARS-CoV-2","none","RBD","BD-667","null","3.69","2021-09-08","34433900"
"7ey0","SARS-CoV-2","none","RBD","BD-813, BD-744","null","3.2","2021-09-08","34433900"
"7e5o","SARS-CoV-2","Orig","RBD","NT-193","null","2.8","2021-09-08","34508662"
"7rw2","SARS-CoV-2","Orig","full","5-7","null","3.5","2021-09-01","34230927"
"7l7e","SARS-CoV-2","Orig","RBD","AZD8895, AZD1061","null","3.0","2021-09-01","null"
"7l7d","SARS-CoV-2","Orig","RBD","AZD8895","null","2.5","2021-09-01","null"
"7eh5","SARS-CoV-2","Orig","full","chAb15, chAb45","null","4.0","2021-09-01","34385690"
"7edj","SARS-CoV-2","Alpha","full","null","ACE2","3.3","2021-09-01","34385690"
"7edi","SARS-CoV-2","Alpha","full","null","null","3.3","2021-09-01","34385690"
"7edh","SARS-CoV-2","Alpha","full","null","null","3.6","2021-09-01","34385690"
"7edg","SARS-CoV-2","Alpha","full","null","null","3.2","2021-09-01","34385690"
"7edf","SARS-CoV-2","Alpha","full","null","null","3.2","2021-09-01","34385690"
"7e39","SARS-CoV-2","Orig","RBD","Ab4","null","3.7","2021-09-01","34285195"
"7e3c","SARS-CoV-2","Orig","RBD","Ab1","null","4.2","2021-09-01","34285195"
"7e3b","SARS-CoV-2","Orig","RBD","Ab5","null","4.2","2021-09-01","34285195"
"7fdk","SARS-CoV-2","none","RBD","","ACE2","3.69","2021-08-25","null"
"7fdi","SARS-CoV-2","none","RBD","","ACE2","3.12","2021-08-25","null"
"7fdh","SARS-CoV-2","Alpha","RBD","","ACE2","3.72","2021-08-25","null"
"7fdg","SARS-CoV-2","Alpha","RBD","","ACE2","3.69","2021-08-25","null"
"7my8","SARS-CoV-2","none","Fusion peptide","null","null","null","2021-08-18","34375093"
"7cot","SARS-CoV","null","S2 post fusion subunit","null","null","2.16","2021-08-18","null"
"7rnj","SARS-CoV","null","Stem helix","S2P6","null","2.67","2021-08-11","34344823"
"7olz","SARS-CoV-2","Orig","RBD","Re5D06, Re9F06","null","1.75","2021-08-11","34302370"
"7oay","SARS-CoV-2","null","RBD","F2","null","2.34","2021-08-11","34552091"
"7oau","SARS-CoV-2","null","RBD","C5","null","1.65","2021-08-11","34552091"
"7oaq","SARS-CoV-2","null","RBD","H3,C1","null","1.55","2021-08-11","34552091"
"7oap","SARS-CoV-2","null","RBD","H3,C1","null","1.9","2021-08-11","34552091"
"7oao","SARS-CoV-2","null","RBD","C5","null","1.5","2021-08-11","34552091"
"7oan","SARS-CoV-2","Orig","full","C5","null","3.0","2021-08-11","null"
"7n9t","SARS-CoV-2","none","full","Nb17","null","3.18","2021-08-11","null"
"7mej","SARS-CoV-2","Orig","RBD","Nb21, Nb36","null","3.55","2021-08-11","null"
"7me7","SARS-CoV-2","Orig","RBD","Nb17, Nb105","null","3.73","2021-08-11","null"
"7mdw","SARS-CoV-2","Orig","RBD","Nb21, Nb105","null","3.58","2021-08-11","null"
"7ral","SARS-CoV-2","none","RBD","S2X259","null","3.7","2021-08-04","34280951"
"7ra8","SARS-CoV-2","none","full","S2X259","null","3.1","2021-08-04","34280951"
"7r8o","SARS-CoV-2","none","full","C548","null","3.5","2021-08-04","null"
"7r8n","SARS-CoV-2","none","full","C051","null","3.55","2021-08-04","null"
"7r8m","SARS-CoV-2","none","full","C032","null","3.4","2021-08-04","null"
"7r8l","SARS-CoV-2","Orig","RBD","C099, CR3022","null","2.6","2021-08-04","34331873"
"7p79","SARS-CoV-2","Orig","full","sybody#15","null","4.0","2021-08-04","null"
"7p78","SARS-CoV-2","Orig","full","sybody#15, sybody#68","null","3.32","2021-08-04","null"
"7p77","SARS-CoV-2","Orig","full","sybody#15, sybody#68","null","2.98","2021-08-04","null"
"7p7b","SARS-CoV-2","none","full","","null","3.13","2021-08-04","null"
"7p7a","SARS-CoV-2","none","full","sybody#68","null","4.76","2021-08-04","null"
"7n64","SARS-CoV-2","Orig","RBD","G32R7","null","4.2","2021-08-04","33758863"
"7n62","SARS-CoV-2","Orig","NTD","C12C9","null","4.0","2021-08-04","33758863"
"7n9e","SARS-CoV-2","none","full","NB34","null","3.52","2021-08-04","null"
"7n9c","SARS-CoV-2","none","full","NB95","null","3.71","2021-08-04","null"
"7n9b","SARS-CoV-2","none","full","NB21","null","3.8","2021-08-04","null"
"7n9a","SARS-CoV-2","Orig","RBD","NB21","null","3.5","2021-08-04","null"
"7n3i","SARS-CoV-2","Orig","RBD","C098","null","2.03","2021-08-04","34331873"
"7km5","SARS-CoV-2","Orig","RBD","Nanosota-1","null","3.19","2021-08-04","34338634"
"7f63","SARS-CoV-2","Orig","RBD","chAb-45","null","3.9","2021-08-04","null"
"7f62","SARS-CoV-2","Orig","RBD","chAb-25","null","3.6","2021-08-04","null"
"7coe","MERS-CoV","null","RBD","KNIH90-F1","null","2.05","2021-08-04","null"
"7mm0","SARS-CoV-2","none","full","B1-182.1","null","3.15","2021-07-28","34210892"
"7mlz","SARS-CoV-2","Orig","RBD","B1-182.1","null","3.71","2021-07-28","34210892"
"7m42","SARS-CoV-2","none","RBD","REGN10985, REGN10989","null","3.3","2021-07-28","34161776"
"7wbq","SARS-CoV-2","Delta","RBD","","ACE2","1.83","2021-07-21","34261126"
"7w9i","SARS-CoV-2","Delta","RBD","","ACE2","1.83","2021-07-21","34261126"
"7w9f","SARS-CoV-2","Delta","RBD","S-RBD-8D3","null","1.83","2021-07-21","34261126"
"7vnb","SARS-CoV-2","Orig","RBD","n3113","null","1.83","2021-07-21","34261126"
"7vmu","SARS-CoV-2","Orig","RBD","E4","null","1.83","2021-07-21","34261126"
"7tp3","SARS-CoV-2","Orig","RBD","K288.2","null","1.83","2021-07-21","34261126"
"7tow","SARS-CoV-2","Omicron BA.2","Fusion peptide","DH1058","null","1.83","2021-07-21","34261126"
"7the","SARS-CoV-2","Orig","RBD","DH1042","null","1.83","2021-07-21","34261126"
"7spp","SARS-CoV-2","Orig","RBD","","ACE2","1.83","2021-07-21","34261126"
"7spo","SARS-CoV-2","Orig","RBD","3B4","null","1.83","2021-07-21","34261126"
"7sn0","SARS-CoV-2","none","RBD","","ACE2","1.83","2021-07-21","34261126"
"7sjs","SARS-CoV","null","Stem helix","CC40.8","null","1.83","2021-07-21","34261126"
"7s4s","SARS-CoV-2","Orig","RBD","CoV11","null","1.83","2021-07-21","34261126"
"7s3n","SARS-CoV","null","Stem helix","Fab22","null","1.83","2021-07-21","34261126"
"7s3m","MERS-CoV","null","Stem helix","Fab22","null","1.83","2021-07-21","34261126"
"7s0b","SARS-CoV-2","Orig","RBD","N-612-056","null","1.83","2021-07-21","34261126"
"7rxd","SARS-CoV-2","none","RBD","Fab_8D3_2, Nb_RBD, MBP_PrA/G","null","1.83","2021-07-21","34261126"
"7rr0","SARS-CoV-2","Orig","RBD","PDI 222","null","1.83","2021-07-21","34261126"
"7r7n","SARS-CoV-2","none","RBD","S2D106","null","3.95","2021-07-21","34261126"
"7r6x","SARS-CoV-2","Orig","RBD","S2E12, S309, S304","null","2.95","2021-07-21","34261126"
"7r6w","SARS-CoV-2","Orig","RBD","S2X35, S309","null","1.83","2021-07-21","34261126"
"7n8i","SARS-CoV-2","Epsilon","RBD","S2L20","null","3.0","2021-07-14","34210893"
"7n8h","SARS-CoV-2","Epsilon","full","S2M11, S2L20","null","2.3","2021-07-14","34210893"
"7lrt","SARS-CoV-2","none","full","A23-58.1","null","3.54","2021-07-14","34210892"
"7lrs","SARS-CoV-2","Orig","RBD","A23-58.1","null","3.89","2021-07-14","34210892"
"7orb","SARS-CoV-2","none","RBD","COVOX-75, COVOX-253","null","2.5","2021-07-07","34242578"
"7ora","SARS-CoV-2","none","RBD","COVOX-45, COVOX-253","null","2.6","2021-07-07","34242578"
"7or9","SARS-CoV-2","Orig","RBD","COVOX-222, COVOX-278","null","2.34","2021-07-07","34242578"
"7n1y","SARS-CoV-2","Alpha","full","null","null","4.3","2021-07-07","34168070"
"7n1x","SARS-CoV-2","Alpha","full","null","null","4.0","2021-07-07","34168070"
"7n1w","SARS-CoV-2","Alpha","full","null","null","3.33","2021-07-07","34168070"
"7n1v","SARS-CoV-2","Alpha","full","null","null","3.5","2021-07-07","34168070"
"7n1u","SARS-CoV-2","Alpha","full","null","null","3.14","2021-07-07","34168070"
"7n1t","SARS-CoV-2","Beta","full","null","null","3.44","2021-07-07","34168070"
"7n1q","SARS-CoV-2","Beta","full","null","null","3.44","2021-07-07","34168070"
"7l4z","SARS-CoV-2","Orig","RBD","","Cyclic peptide","3.96","2021-06-30","34230894"
"7ej5","SARS-CoV-2","Orig","full","chAb-45","null","3.5","2021-06-23","null"
"7ej4","SARS-CoV-2","Orig","full","chAb-25","null","3.6","2021-06-23","null"
"7eb5","SARS-CoV-2","Orig","full","","null","3.4","2021-06-23","null"
"7eb4","SARS-CoV-2","Orig","full","null","null","3.5","2021-06-23","null"
"7eb3","SARS-CoV-2","Orig","full","null","null","3.6","2021-06-23","null"
"7eb0","SARS-CoV-2","Orig","full","null","null","3.6","2021-06-23","null"
"7eaz","SARS-CoV-2","Orig","full","null","null","3.5","2021-06-23","null"
"7e5y","SARS-CoV-2","Orig","RBD","2B11","null","3.59","2021-06-23","null"
"7cwt","SARS-CoV-2","Orig","full","hb27, fc05","null","3.7","2021-06-23","33262454"
"7my3","SARS-CoV-2","none","full","Nb12","null","2.9","2021-06-16","34098567"
"7my2","SARS-CoV-2","none","full","Nb30","null","2.65","2021-06-16","34098567"
"7ek6","SARS-CoV","null","S2","null","null","1.24","2021-06-09","34057039"
"7e88","SARS-CoV-2","Orig","RBD","BD-515","null","3.14","2021-06-09","34021265"
"7e86","SARS-CoV-2","Orig","RBD","BD-508","null","2.9","2021-06-09","34021265"
"7e8f","SARS-CoV-2","Kappa","NTD","604, N9, 368-2","null","3.18","2021-06-09","34021265"
"7e8c","SARS-CoV-2","Orig","full","604, N9, 368-2","null","3.16","2021-06-09","34021265"
"7e7y","SARS-CoV-2","Orig","RBD","BD-623","null","2.41","2021-06-09","34021265"
"7e7x","SARS-CoV-2","Kappa","NTD","N11","null","2.78","2021-06-09","34021265"
"7dk0","SARS-CoV-2","Orig","RBD","MW05","null","3.2","2021-06-09","null"
"7djz","SARS-CoV-2","Orig","RBD","MW01","null","2.4","2021-06-09","null"
"7cyp","SARS-CoV-2","Orig","full","HB27","null","3.5","2021-06-09","null"
"7cyh","SARS-CoV-2","Orig","RBD","HB27","null","3.9","2021-06-09","null"
"7n0h","SARS-CoV-2","none","full","Sb45","null","3.34","2021-06-02","34537245"
"7n0g","SARS-CoV-2","none","full","Sb45","null","3.02","2021-06-02","34537245"
"7mfu","SARS-CoV-2","Orig","RBD","Sb14, Sb68","null","1.7","2021-06-02","34537245"
"7dzy","SARS-CoV-2","Orig","full","2490","null","3.6","2021-06-02","34139176"
"7dzx","SARS-CoV-2","Orig","full","8D2","null","3.53","2021-06-02","34139176"
"7dzw","SARS-CoV-2","Orig","full","null","null","3.45","2021-06-02","34139176"
"7m71","SARS-CoV-2","Orig","full","5A6","null","2.66","2021-05-26","33974910"
"7m55","MERS-CoV","null","Stem helix","B6","null","1.4","2021-05-26","33981021"
"7m53","SARS-CoV","null","Stem helix","B6","null","1.4","2021-05-26","33981021"
"7m7b","SARS-CoV-2","Orig","full","3D11","null","2.95","2021-05-26","33974910"
"7m5e","MERS-CoV","null","full","null","null","2.5","2021-05-26","33981021"
"7kqe","SARS-CoV-2","Orig","full","3D11","null","2.88","2021-05-26","33974910"
"7kqb","SARS-CoV-2","Orig","full","5A6","null","2.42","2021-05-26","33974910"
"7e8m","SARS-CoV-2","Beta","RBD","P2C-1F11","null","2.09","2021-05-26","null"
"7m8j","SARS-CoV-2","Kappa","NTD","CM25","null","3.48","2021-05-19","33947773"
"7ddo","SARS-CoV-2","none","RBD","","ACE2","3.4","2021-05-19","34018203"
"7chs","SARS-CoV-2","Orig","RBD","P22A-1D1","null","2.4","2021-05-19","null"
"7chp","SARS-CoV-2","Orig","RBD","P5A-3C8","null","2.36","2021-05-19","null"
"7cho","SARS-CoV-2","Orig","RBD","P5A-1D2","null","2.56","2021-05-19","null"
"7c53","SARS-CoV-2","none","HR1","","EK1 inhibitor","2.28","2021-05-19","34326308"
"7akj","SARS-CoV","null","full","47D11","null","3.8","2021-05-19","33958322"
"7akd","SARS-CoV-2","Orig","full","47D11","null","4.0","2021-05-19","33958322"
"7nkt","SARS-CoV-2","null","RBD","NM1226","null","2.3","2021-05-12","33904225"
"7mmo","SARS-CoV-2","Orig","RBD","LY-CoV1404","null","2.43","2021-05-12","33972947"
"7mkm","SARS-CoV-2","Orig","RBD","SARS2-38","null","3.16","2021-05-12","33907753"
"7mkl","SARS-CoV-2","Orig","full","SARS2-38","null","3.2","2021-05-12","33907753"
"7mjn","SARS-CoV-2","none","full","","ACE2","3.29","2021-05-12","33914735"
"7mjm","SARS-CoV-2","none","full","","ACE2","2.83","2021-05-12","33914735"
"7mjl","SARS-CoV-2","none","RBD","ab1","null","2.95","2021-05-12","33914735"
"7mjk","SARS-CoV-2","none","full","ab1","null","2.73","2021-05-12","33914735"
"7mjj","SARS-CoV-2","none","full","ab1","null","3.32","2021-05-12","33914735"
"7mji","SARS-CoV-2","none","RBD","ab8","null","2.81","2021-05-12","33914735"
"7mjh","SARS-CoV-2","none","full","ab8","null","2.66","2021-05-12","33914735"
"7mjg","SARS-CoV-2","none","full","null","null","2.81","2021-05-12","33914735"
"7mf1","SARS-CoV-2","Orig","RBD","47D1","null","2.09","2021-05-12","33932326"
"7m3i","SARS-CoV-2","Orig","RBD","CV2-75","null","2.8","2021-05-12","34237283"
"7b27","SARS-CoV-2","null","RBD","NM1230","null","2.9","2021-05-12","33904225"
"7m8k","SARS-CoV-2","Gamma","full","null","null","3.8","2021-05-05","33887205"
"7m7w","SARS-CoV-2","Orig","RBD","S2X259, S2H97","null","2.65","2021-05-05","34261126"
"7m6i","SARS-CoV-2","Orig","full","BG1-24","null","4.0","2021-05-05","34015271"
"7m6h","SARS-CoV-2","Orig","full","BG7-20","null","4.0","2021-05-05","34015271"
"7m6g","SARS-CoV-2","none","full","BG7-15","null","3.7","2021-05-05","34015271"
"7m6f","SARS-CoV-2","none","full","BG1-22","null","3.9","2021-05-05","34015271"
"7m6e","SARS-CoV-2","none","full","BG10-19","null","3.3","2021-05-05","34015271"
"7m6d","SARS-CoV-2","Orig","RBD","BG4-25, CR3022","null","3.1","2021-05-05","34015271"
"7lx5","SARS-CoV-2","none","RBD","WNb2, WNb10","null","3.44","2021-05-05","33893175"
"7ldj","SARS-CoV-2","Orig","RBD","WNb-2","null","2.36","2021-05-05","null"
"7e23","SARS-CoV-2","Orig","RBD","CA521","null","3.3","2021-05-05","33893388"
"7ntc","SARS-CoV-2","Orig","full","P008_056 Fab","biliverdin","3.6","2021-04-28","33888467"
"7nta","SARS-CoV-2","Orig","full","null","biliverdin","3.5","2021-04-28","33888467"
"7nt9","SARS-CoV-2","Orig","full","null","biliverdin","3.36","2021-04-28","33888467"
"7b62","SARS-CoV-2","Kappa","NTD","null","biliverdin","1.82","2021-04-28","33888467"
"7b18","SARS-CoV-2","Orig","full","E, V","null","2.62","2021-04-28","33436526"
"7b14","SARS-CoV-2","Orig","RBD","Nanobody","null","3.79","2021-04-28","33436526"
"7dx4","SARS-CoV-2","Orig","RBD","FC08","ACE2","3.6","2021-04-21","null"
"7ly3","SARS-CoV-2","none","NTD","S2M28","null","3.0","2021-04-14","33761326"
"7ly2","SARS-CoV-2","none","full","S2M11, S2M28","null","2.5","2021-04-14","33761326"
"7ly0","SARS-CoV-2","none","full","S2M28","null","2.6","2021-04-14","33761326"
"7lxz","SARS-CoV-2","none","full","S2M11, S2L28","null","2.6","2021-04-14","33761326"
"7lxy","SARS-CoV-2","none","full","S2M11, S2X333","null","2.2","2021-04-14","33761326"
"7lxx","SARS-CoV-2","none","full","S2L28","null","3.0","2021-04-14","33761326"
"7lxw","SARS-CoV-2","none","full","S2X333","null","2.8","2021-04-14","33761326"
"7l58","SARS-CoV-2","Orig","full","H4","null","5.07","2021-04-14","33794145"
"7l57","SARS-CoV-2","Orig","full","2-15","null","5.87","2021-04-14","33794145"
"7l56","SARS-CoV-2","Orig","full","2-43","null","3.6","2021-04-14","33794145"
"7nxc","SARS-CoV-2","Gamma","RBD","","ACE2","3.14","2021-04-07","33852911"
"7nxb","SARS-CoV-2","Gamma","RBD","COVOX-222, EY6A","null","2.67","2021-04-07","33852911"
"7nxa","SARS-CoV-2","Beta","RBD","COVOX-222, EY6A","null","2.5","2021-04-07","33852911"
"7nx9","SARS-CoV-2","Alpha","RBD","COVOX-222, EY6A","null","2.4","2021-04-07","33852911"
"7nx8","SARS-CoV-2","none","RBD","COVOX-222, EY6A","null","1.95","2021-04-07","33852911"
"7nx7","SARS-CoV-2","none","RBD","COVOX-222, EY6A","null","2.3","2021-04-07","33852911"
"7nx6","SARS-CoV-2","Orig","RBD","COVOX-222, EY6A","null","2.25","2021-04-07","33852911"
"7e3j","SARS-CoV-2","Orig","RBD","null","dog ACE2","2.99","2021-04-07","34234119"
"7d4g","SARS-CoV-2","Kappa","RBD","FC05","null","3.9","2021-04-07","null"
"7m0j","SARS-CoV-2","none","full","null","null","3.52","2021-03-31","33758838"
"7lyq","SARS-CoV-2","Beta","full","null","null","3.34","2021-03-31","33758838"
"7lyp","SARS-CoV-2","Beta","full","null","null","4.05","2021-03-31","33758838"
"7lyo","SARS-CoV-2","Beta","full","null","null","3.32","2021-03-31","33758838"
"7lyn","SARS-CoV-2","Beta","full","null","null","3.32","2021-03-31","33758838"
"7lym","SARS-CoV-2","Beta","full","null","null","3.57","2021-03-31","34168071"
"7lyl","SARS-CoV-2","Beta","full","null","null","3.72","2021-03-31","33758838"
"7lyk","SARS-CoV-2","Beta","full","null","null","3.65","2021-03-31","33758838"
"7lww","SARS-CoV-2","Orig","full","null","null","3.0","2021-03-31","34168071"
"7lwv","SARS-CoV-2","Alpha","full","null","null","3.12","2021-03-31","34168071"
"7lwu","SARS-CoV-2","Alpha","full","null","null","3.22","2021-03-31","34168071"
"7lwt","SARS-CoV-2","Alpha","full","null","null","3.19","2021-03-31","34168071"
"7lws","SARS-CoV-2","Alpha","full","null","null","3.22","2021-03-31","33758838"
"7lwq","SARS-CoV-2","Cluster 5","full","null","null","3.44","2021-03-31","34168071"
"7lwp","SARS-CoV-2","Cluster 5","full","null","null","3.01","2021-03-31","34168071"
"7lwo","SARS-CoV-2","Cluster 5","full","null","null","2.85","2021-03-31","34168071"
"7lwn","SARS-CoV-2","Cluster 5","full","null","null","2.94","2021-03-31","34168071"
"7lwm","SARS-CoV-2","Cluster 5","full","null","null","2.83","2021-03-31","34168071"
"7lwl","SARS-CoV-2","Cluster 5","full","null","null","2.84","2021-03-31","34168071"
"7lwk","SARS-CoV-2","Cluster 5","full","null","null","2.92","2021-03-31","34168071"
"7lwj","SARS-CoV-2","Cluster 5","full","null","null","3.24","2021-03-31","34168071"
"7lwi","SARS-CoV-2","Cluster 5","full","null","null","3.07","2021-03-31","34168071"
"7lo4","SARS-CoV-2","none","RBD","","ACE2","2.46","2021-03-31","null"
"7lm9","SARS-CoV","null","full","CV38-142","null","1.53","2021-03-31","33594361"
"7lm8","SARS-CoV-2","Orig","RBD","COVA1-16, CV38-142","null","1.94","2021-03-31","33594361"
"7ljr","SARS-CoV-2","Orig","full","DH1043","null","3.66","2021-03-31","33442694"
"7krq","SARS-CoV-2","Orig","full","null","null","3.44","2021-03-31","33727252"
"7ean","SARS-CoV-2","Orig","RBD","6D6","null","1.91","2021-03-31","null"
"7dx9","SARS-CoV-2","Orig","full","","ACE2","3.6","2021-03-31","33737693"
"7dx8","SARS-CoV-2","Orig","full","","ACE2","2.9","2021-03-31","33737693"
"7dx7","SARS-CoV-2","Orig","full","","ACE2","3.4","2021-03-31","33737693"
"7dx6","SARS-CoV-2","Orig","full","","ACE2","3.0","2021-03-31","33737693"
"7dx5","SARS-CoV-2","Orig","full","null","null","3.3","2021-03-31","33737693"
"7dx3","SARS-CoV-2","Orig","full","null","null","3.5","2021-03-31","33737693"
"7dx2","SARS-CoV-2","Orig","full","null","null","3.3","2021-03-31","33737693"
"7dx1","SARS-CoV-2","Orig","full","null","null","3.1","2021-03-31","33737693"
"7dx0","SARS-CoV-2","Orig","full","null","null","3.2","2021-03-31","33737693"
"7dwz","SARS-CoV-2","Orig","full","null","null","3.3","2021-03-31","33737693"
"7dwy","SARS-CoV-2","Orig","full","null","null","2.7","2021-03-31","33737693"
"7dwx","SARS-CoV-2","Orig","full","null","null","8.3","2021-03-31","33737693"
"7deu","SARS-CoV-2","Orig","RBD","PR953","null","2.1","2021-03-31","33961621"
"7det","SARS-CoV-2","Orig","RBD","PR961","null","2.2","2021-03-31","33961621"
"7deo","SARS-CoV-2","Orig","RBD","PR1077","null","2.5","2021-03-31","33961621"
"7lqw","SARS-CoV-2","Orig","full","2-17","null","4.47","2021-03-24","33789084"
"7lqv","SARS-CoV-2","Orig","full","4-8","null","3.25","2021-03-24","null"
"7l2f","SARS-CoV-2","Orig","full","5-24","null","3.9","2021-03-24","33789084"
"7l2e","SARS-CoV-2","Orig","full","4-18","null","2.97","2021-03-24","33789084"
"7l2d","SARS-CoV-2","Orig","full","1-87","null","3.55","2021-03-24","33789084"
"7krs","SARS-CoV-2","Orig","full","null","null","3.2","2021-03-24","33727252"
"7krr","SARS-CoV-2","Orig","full","null","null","3.5","2021-03-24","33727252"
"7e7d","SARS-CoV-2","Wild","full","null","null","3.2","2021-03-24","33692215"
"7e7b","SARS-CoV-2","none","full","null","null","2.6","2021-03-24","33692215"
"7lss","SARS-CoV-2","Orig","full","2-7","null","3.72","2021-03-17","34111408"
"7ls9","SARS-CoV-2","Orig","full","1-57","null","3.42","2021-03-17","34111408"
"7laa","SARS-CoV-2","Orig","full","DH1041","null","3.42","2021-03-17","34242577"
"7eam","SARS-CoV-2","Orig","RBD","7D6","null","1.4","2021-03-17","null"
"7lab","SARS-CoV-2","Orig","full","DH1052","null","2.97","2021-03-10","34242577"
"7d03","SARS-CoV-2","Orig","full","P5A-2G7","null","3.2","2021-03-10","33731853"
"7d00","SARS-CoV-2","Orig","full","P5A-1B8","null","3.0","2021-03-10","33731853"
"7d0d","SARS-CoV-2","Orig","full","P5A-3C12_2B","null","3.8","2021-03-10","33731853"
"7d0c","SARS-CoV-2","Orig","full","P5A-3A1","null","3.4","2021-03-10","33731853"
"7d0b","SARS-CoV-2","Orig","full","P5A-3C12_1B","null","3.9","2021-03-10","33731853"
"7czz","SARS-CoV-2","Orig","full","P5A-2F11_3B","null","3.2","2021-03-10","33731853"
"7czy","SARS-CoV-2","Orig","full","P5A-2F11_2B","null","3.3","2021-03-10","33731853"
"7czx","SARS-CoV-2","Orig","full","P5A-1B9","null","2.8","2021-03-10","33731853"
"7czw","SARS-CoV-2","Orig","full","P5A-2G7","null","2.8","2021-03-10","33731853"
"7czv","SARS-CoV-2","Orig","full","P5A-1B6_3B","null","3.3","2021-03-10","33731853"
"7czu","SARS-CoV-2","Orig","full","P5A-1B6_2B","null","3.4","2021-03-10","33731853"
"7czt","SARS-CoV-2","Orig","full","P5A-2G9","null","2.7","2021-03-10","33731853"
"7czs","SARS-CoV-2","Orig","full","P5A-1B8_3B","null","3.6","2021-03-10","33731853"
"7czr","SARS-CoV-2","Orig","full","P5A-1B8_2B","null","3.5","2021-03-10","33731853"
"7czq","SARS-CoV-2","Orig","full","P2B-1A10","null","2.8","2021-03-10","33731853"
"7czp","SARS-CoV-2","Orig","full","P2B-1A1","null","3.0","2021-03-10","33731853"
"7neh","SARS-CoV-2","Orig","RBD","COVOX-269","null","1.77","2021-03-03","33743891"
"7neg","SARS-CoV-2","Alpha","RBD","COVOX-269","null","2.19","2021-03-03","33743891"
"7ndd","SARS-CoV-2","Orig","full","COVOX-159","null","4.2","2021-03-03","33756110"
"7ndc","SARS-CoV-2","Orig","full","COVOX-159","null","4.1","2021-03-03","33756110"
"7ndb","SARS-CoV-2","Orig","full","COVOX-253H165L","null","4.6","2021-03-03","33756110"
"7nda","SARS-CoV-2","Orig","full","COVOX-253H55L","null","3.3","2021-03-03","33756110"
"7nd9","SARS-CoV-2","Orig","full","COVOX-253H55L","null","2.8","2021-03-03","33756110"
"7nd8","SARS-CoV-2","Orig","full","COVOX-384","null","3.5","2021-03-03","33756110"
"7nd7","SARS-CoV-2","Orig","full","COVOX-316","null","3.6","2021-03-03","33756110"
"7nd6","SARS-CoV-2","Orig","full","COVOX-40","null","7.3","2021-03-03","33756110"
"7nd5","SARS-CoV-2","Orig","full","COVOX-150","null","3.4","2021-03-03","33756110"
"7nd4","SARS-CoV-2","Orig","full","COVOX-88","null","3.6","2021-03-03","33756110"
"7nd3","SARS-CoV-2","Orig","full","COVOX-40","null","3.7","2021-03-03","33756110"
"7lop","SARS-CoV-2","Orig","RBD","CV05-163, CR3022","null","2.25","2021-03-03","34016740"
"7cn4","BatCoV RaTG13","null","full","null","null","2.93","2021-03-03","33707453"
"7bep","SARS-CoV-2","Orig","RBD","COVOX-384, S309","null","2.61","2021-03-03","33756110"
"7beo","SARS-CoV-2","Orig","RBD","COVOX-253H55L, COVOX-75","null","3.19","2021-03-03","33756110"
"7ben","SARS-CoV-2","Orig","RBD","COVOX-253, COVOX-75","null","2.5","2021-03-03","33756110"
"7bem","SARS-CoV-2","Orig","RBD","COVOX-269","null","2.52","2021-03-03","33756110"
"7bel","SARS-CoV-2","Orig","RBD","COVOX-88, COVOX-45","null","2.53","2021-03-03","33756110"
"7bek","SARS-CoV-2","Orig","RBD","COVOX-158","null","2.04","2021-03-03","33756110"
"7bej","SARS-CoV-2","Orig","RBD","COVOX-158","null","2.42","2021-03-03","33756110"
"7bei","SARS-CoV-2","Orig","RBD","COVOX-150","null","2.3","2021-03-03","33756110"
"7beh","SARS-CoV-2","Orig","RBD","COVOX-316","null","2.3","2021-03-03","33756110"
"7l7k","SARS-CoV-2","Orig","full","null","null","3.29","2021-02-24","33524990"
"7l7f","SARS-CoV-2","none","RBD","","ACE2","3.24","2021-02-24","33524990"
"7cac","SARS-CoV-2","none","full","H014","null","3.55","2021-02-24","32703908"
"7l0n","SARS-CoV-2","Orig","RBD","S304, S309","ACE2","2.78","2021-02-17","33621484"
"7dpm","SARS-CoV-2","Orig","RBD","MW06","null","3.3","2021-02-17","34313527"
"7d30","SARS-CoV-2","Orig","RBD","MR17, SR31","null","2.1","2021-02-17","33657135"
"7d2z","SARS-CoV-2","Orig","RBD","SR31","null","1.97","2021-02-17","33657135"
"7bh9","SARS-CoV-2","none","RBD","","ACE2","2.9","2021-02-17","34400835"
"7l5b","SARS-CoV-2","Orig","RBD","2-15","null","3.18","2021-02-10","33794145"
"7l2c","SARS-CoV-2","Kappa","NTD","2-51","null","3.65","2021-02-10","33789084"
"7ks9","SARS-CoV-2","Orig","full","910-30","null","4.75","2021-02-10","33442681"
"7kml","SARS-CoV-2","none","full","15033-7","null","3.8","2021-02-10","34329642"
"7kmk","SARS-CoV-2","none","full","15033-7","null","4.2","2021-02-10","34329642"
"7klh","SARS-CoV-2","Orig","RBD","15033-7","null","3.0","2021-02-10","34329642"
"7klg","SARS-CoV-2","Orig","RBD","15033","null","3.2","2021-02-10","34329642"
"7b17","SARS-CoV-2","Orig","RBD","VE, E","null","4.01","2021-02-10","33436526"
"7l3n","SARS-CoV-2","none","full","LY-CoV555","null","3.27","2021-02-03","33024963"
"7kzb","SARS-CoV-2","Orig","RBD","CR3014-C8, CR3022-B6","null","2.83","2021-02-03","34024246"
"7kxk","SARS-CoV-2","none","full","15033-7","null","5.0","2021-02-03","34329642"
"7kxj","SARS-CoV-2","none","full","15033-7","null","6.4","2021-02-03","34329642"
"7klw","SARS-CoV-2","Orig","RBD","Sb45, Sb68","null","2.6","2021-02-03","34537245"
"7kgk","SARS-CoV-2","Orig","RBD","Sb16","null","2.6","2021-02-03","34537245"
"7kgj","SARS-CoV-2","Orig","RBD","Sb45","null","2.3","2021-02-03","34537245"
"7bno","SARS-CoV-2","Orig","full","null","null","4.2","2021-02-03","33579792"
"7bnn","SARS-CoV-2","Orig","full","null","null","3.5","2021-02-03","33579792"
"7bnm","SARS-CoV-2","Orig","full","null","null","3.6","2021-02-03","33579792"
"7ld1","SARS-CoV-2","Orig","full","DH1047","null","3.4","2021-01-27","34242577"
"7lcn","SARS-CoV-2","Orig","full","DH1050.1","null","3.35","2021-01-27","34242577"
"7kmi","SARS-CoV-2","Orig","RBD","LY-CoV481","null","1.73","2021-01-27","33820835"
"7kmh","SARS-CoV-2","Orig","RBD","LY-CoV488","null","1.72","2021-01-27","33820835"
"7kmg","SARS-CoV-2","Orig","RBD","LY-CoV555","null","2.16","2021-01-27","33820835"
"7cwl","SARS-CoV-2","Orig","full","P17","null","3.8","2021-01-27","33262452"
"7c8j","SARS-CoV-2","Orig","RBD","null","bat ACE2","3.18","2021-01-27","33335073"
"7ksg","SARS-CoV-2","Orig","full","E","null","3.33","2021-01-20","33436526"
"7kn7","SARS-CoV-2","Orig","RBD","CC12.3/W","null","2.73","2021-01-20","33436526"
"7kn6","SARS-CoV-2","Orig","RBD","CC12.3/V","null","2.55","2021-01-20","33436526"
"7kn5","SARS-CoV-2","Orig","RBD","E/U","null","1.87","2021-01-20","33436526"
"7cm4","SARS-CoV-2","Orig","RBD","CT-P59","null","2.71","2021-01-20","33436577"
"7l09","SARS-CoV-2","Orig","full","2G12","null","3.1","2020-12-30","34019795"
"7l06","SARS-CoV-2","Orig","full","2G12","null","3.3","2020-12-30","34019795"
"7l02","SARS-CoV-2","Orig","full","2G12","null","3.2","2020-12-30","34019795"
"7dmu","SARS-CoV-2","Orig","RBD","","ACE2","3.2","2020-12-23","34155214"
"6zlr","SARS-CoV-2","null","RBD","CR3022","null","3.1","2020-12-23","33381049"
"7kni","SARS-CoV-2","Orig","full","","ACE2","3.91","2020-12-16","33271067"
"7knh","SARS-CoV-2","Orig","full","","ACE2","3.74","2020-12-16","33271067"
"7kne","SARS-CoV-2","Orig","full","","ACE2","3.85","2020-12-16","33271067"
"7dk3","SARS-CoV-2","Orig","full","","null","6.0","2020-12-16","33277323"
"7df4","SARS-CoV-2","Orig","full","","ACE2","3.8","2020-12-16","33277323"
"7df3","SARS-CoV-2","Orig","full","null","null","2.7","2020-12-16","33277323"
"7cwu","SARS-CoV-2","Orig","full","P17, FC05","null","3.5","2020-12-16","33262454"
"7cws","SARS-CoV-2","Orig","full","FC05, H014","null","3.4","2020-12-16","33262454"
"7cwo","SARS-CoV-2","Orig","full","P17","null","3.9","2020-12-16","33262452"
"7cwn","SARS-CoV-2","Orig","full","P17, H014","null","3.2","2020-12-16","33262452"
"7cwm","SARS-CoV-2","Orig","full","P17","null","3.6","2020-12-16","33262452"
"7cab","SARS-CoV-2","none","full","null","null","3.52","2020-12-16","32703908"
"7b3o","SARS-CoV-2","Orig","RBD","STE90-C11","null","2.0","2020-12-16","34273271"
"7knb","SARS-CoV-2","Orig","full","","ACE2","3.93","2020-12-09","33271067"
"7kmz","SARS-CoV-2","Orig","full","","ACE2","3.62","2020-12-09","33271067"
"7kms","SARS-CoV-2","Orig","full","","ACE2","3.64","2020-12-09","33271067"
"7kmb","SARS-CoV-2","Orig","full","","ACE2","3.39","2020-12-09","33271067"
"7kfy","SARS-CoV-2","Orig","RBD","C1A-F10","null","2.16","2020-12-02","33200128"
"7kfx","SARS-CoV-2","Orig","RBD","C1A-C2","null","2.23","2020-12-02","33200128"
"7kfw","SARS-CoV-2","Orig","RBD","C1A-B3","null","2.79","2020-12-02","33200128"
"7kfv","SARS-CoV-2","Orig","RBD","C1A-B12","null","2.1","2020-12-02","33200128"
"7jvb","SARS-CoV-2","Orig","RBD","Nb20","null","3.29","2020-12-02","33154108"
"7dk7","SARS-CoV-2","Orig","full","2H2","null","9.7","2020-12-02","33431876"
"7dk6","SARS-CoV-2","Orig","full","2H2","null","4.3","2020-12-02","33431876"
"7dk5","SARS-CoV-2","Orig","full","2H2","null","13.5","2020-12-02","33431876"
"7dk4","SARS-CoV-2","Orig","full","2H2","null","3.8","2020-12-02","33431876"
"7dd8","SARS-CoV-2","Orig","full","3C1","null","7.5","2020-12-02","33431876"
"7dd2","SARS-CoV-2","Orig","full","3C1","null","5.6","2020-12-02","33431876"
"7dcx","SARS-CoV-2","Orig","full","3C1","null","5.9","2020-12-02","33431876"
"7dcc","SARS-CoV-2","Orig","full","3C1","null","4.3","2020-12-02","33431876"
"7jwy","SARS-CoV-2","Orig","full","null","null","2.5","2020-11-25","32637958"
"7ddn","SARS-CoV-2","Orig","full","null","null","6.3","2020-11-25","33431876"
"7ddd","SARS-CoV-2","Orig","full","null","null","3.0","2020-11-25","33431876"
"7a25","SARS-CoV-2","Orig","full","Sb23","null","3.06","2020-11-25","33149112"
"7ct5","SARS-CoV-2","Orig","full","","T-ACE2","4.0","2020-11-18","33177651"
"7cdj","SARS-CoV-2","Orig","RBD","P2C-1A3","null","3.4","2020-11-18","null"
"7cdi","SARS-CoV-2","Orig","RBD","P2C-1F11","null","2.96","2020-11-18","null"
"7kl9","SARS-CoV-2","none","full","","CTC-445.2 inhibitor","4.1","2020-11-11","33154107"
"7kkl","SARS-CoV-2","Orig","full","mNb6","null","2.85","2020-11-11","33154106"
"7kkk","SARS-CoV-2","Orig","full","Nb6","null","3.03","2020-11-11","33154106"
"7kj5","SARS-CoV-2","Orig","full","","null","3.6","2020-11-11","33432247"
"7kj4","SARS-CoV-2","Orig","full","","ACE2","3.4","2020-11-11","33432247"
"7kj3","SARS-CoV-2","Orig","full","","ACE2","3.7","2020-11-11","33432247"
"7kj2","SARS-CoV-2","Orig","full","","ACE2","3.6","2020-11-11","33432247"
"7cjf","SARS-CoV-2","Orig","RBD","P4A1","","2.11","2020-11-11","33976198"
"7kec","SARS-CoV-2","Orig","full","null","null","3.84","2020-11-04","33417835"
"7keb","SARS-CoV-2","Orig","full","null","null","3.48","2020-11-04","33417835"
"7kea","SARS-CoV-2","Orig","full","null","null","3.33","2020-11-04","33417835"
"7ke9","SARS-CoV-2","Orig","full","null","null","3.08","2020-11-04","33417835"
"7ke8","SARS-CoV-2","Orig","full","null","null","3.26","2020-11-04","33417835"
"7ke7","SARS-CoV-2","Orig","full","null","null","3.32","2020-11-04","33417835"
"7ke6","SARS-CoV-2","Orig","full","null","null","3.1","2020-11-04","33417835"
"7ke4","SARS-CoV-2","Orig","full","null","null","3.21","2020-11-04","33417835"
"7kdl","SARS-CoV-2","Orig","full","null","null","2.96","2020-11-04","33417835"
"7kdk","SARS-CoV-2","Orig","full","null","null","2.8","2020-11-04","33417835"
"7kdj","SARS-CoV-2","Orig","full","null","null","3.49","2020-11-04","33417835"
"7kdi","SARS-CoV-2","Orig","full","null","null","3.26","2020-11-04","33417835"
"7kdh","SARS-CoV-2","Orig","full","null","null","3.33","2020-11-04","33417835"
"7kdg","SARS-CoV-2","Orig","full","null","null","3.01","2020-11-04","33417835"
"7ad1","SARS-CoV-2","Orig","full","null","null","2.92","2020-11-04","33431842"
"7a4n","SARS-CoV-2","Orig","full","null","null","2.75","2020-11-04","33431842"
"7k9z","SARS-CoV-2","Orig","RBD","298/52","null","2.95","2020-10-28","34135340"
"7jn5","SARS-CoV","null","RBD","CR3022","null","2.71","2020-10-28","33275640"
"7k90","SARS-CoV-2","none","full","C144","","3.24","2020-10-21","33045718"
"7k8z","SARS-CoV-2","Orig","full","C135","null","3.5","2020-10-21","33045718"
"7k8y","SARS-CoV-2","Orig","full","C121","null","4.4","2020-10-21","33045718"
"7k8x","SARS-CoV-2","Orig","full","C121","null","3.9","2020-10-21","33045718"
"7k8w","SARS-CoV-2","Orig","full","C119","null","3.6","2020-10-21","33045718"
"7k8v","SARS-CoV-2","Orig","full","C110","null","3.8","2020-10-21","33045718"
"7k8u","SARS-CoV-2","Orig","full","C104","null","3.8","2020-10-21","33045718"
"7k8t","SARS-CoV-2","Orig","full","C002","null","3.4","2020-10-21","33045718"
"7k8s","SARS-CoV-2","Orig","full","C002","null","3.4","2020-10-21","33045718"
"7k8m","SARS-CoV-2","Orig","RBD","C102","","3.2","2020-10-21","33045718"
"7a29","SARS-CoV-2","Orig","full","Sb23","null","2.94","2020-10-21","33149112"
"7jx3","SARS-CoV-2","Orig","RBD","S309/S2H14/S304","","2.65","2020-10-14","32991844"
"7jw0","SARS-CoV-2","Orig","full","S304","null","4.3","2020-10-14","32991844"
"7jvc","SARS-CoV-2","Orig","full","S2A4","null","3.3","2020-10-14","32991844"
"7jva","SARS-CoV-2","Orig","full","S2A4","null","3.6","2020-10-14","32991844"
"7jv6","SARS-CoV-2","Orig","full","S2H13","null","3.0","2020-10-14","32991844"
"7jv4","SARS-CoV-2","Orig","full","S2H13","null","3.4","2020-10-14","32991844"
"7jv2","SARS-CoV-2","Orig","full","S2H13","null","3.5","2020-10-14","32991844"
"7jmw","SARS-CoV-2","Orig","RBD","COVA1-16","null","2.89","2020-10-14","32793906"
"6xkq","SARS-CoV-2","Orig","RBD","CV07-250","null","2.55","2020-10-14","33058755"
"6xkp","SARS-CoV-2","Orig","RBD","CV07-270","null","2.72","2020-10-14","33058755"
"7k45","SARS-CoV-2","none","full","S2E12","null","3.7","2020-10-07","32972994"
"7k43","SARS-CoV-2","Orig","full","S2M11","null","2.6","2020-10-07","32972994"
"7k4n","SARS-CoV-2","none","full","S2E12","null","3.3","2020-10-07","32972994"
"7jwb","SARS-CoV-2","Orig","full","AUTONOMOUS HUMAN HEAVY CHAIN VARIABLE DOMAIN","null","6.0","2020-10-07","33082574"
"7a92","SARS-CoV-2","Orig","RBD","","ACE2","4.2","2020-09-30","32942285"
"6zb5","SARS-CoV-2","Orig","full","null","null","2.85","2020-09-30","32958580"
"6zb4","SARS-CoV-2","Orig","full","null","null","3.03","2020-09-30","32958580"
"7jzu","SARS-CoV-2","none","full","","LCB1","3.1","2020-09-23","32907861"
"7jzn","SARS-CoV-2","none","full","","LCB3","3.1","2020-09-23","32907861"
"7jzm","SARS-CoV-2","none","full","","LCB3","3.5","2020-09-23","32907861"
"7jzl","SARS-CoV-2","none","full","","LCB1","2.7","2020-09-23","32907861"
"7cak","SARS-CoV-2","Orig","full","H014","","3.58","2020-09-23","32703908"
"7cai","SARS-CoV-2","Orig","full","H014","","3.49","2020-09-23","32703908"
"7a98","SARS-CoV-2","Orig","full","","ACE2","5.4","2020-09-23","32942285"
"6zxn","SARS-CoV-2","Orig","full","Ty1","null","2.93","2020-09-23","32887876"
"7chh","SARS-CoV-2","none","full","BD-368-2","null","3.49","2020-09-16","32970990"
"7chf","SARS-CoV-2","Orig","RBD","BD-604/BD-368-2","null","2.67","2020-09-16","32970990"
"7che","SARS-CoV-2","Orig","RBD","BD-236/BD-368-2","null","3.42","2020-09-16","32970990"
"7chc","SARS-CoV-2","Orig","RBD","BD-629/BD-368-2","null","2.71","2020-09-16","32970990"
"7chb","SARS-CoV-2","Orig","RBD","BD-236","","2.4","2020-09-16","32970990"
"7ch5","SARS-CoV-2","Orig","RBD","BD-629","null","2.7","2020-09-16","32970990"
"7ch4","SARS-CoV-2","Orig","RBD","BD-604","","3.15","2020-09-16","32970990"
"7a97","SARS-CoV-2","Orig","full","","ACE2","4.4","2020-09-16","32942285"
"7a96","SARS-CoV-2","Orig","full","","ACE2","4.8","2020-09-16","32942285"
"7a95","SARS-CoV-2","Orig","full","","ACE2","4.3","2020-09-16","32942285"
"7a94","SARS-CoV-2","Orig","full","","ACE2","3.9","2020-09-16","32942285"
"7a93","SARS-CoV-2","Orig","full","null","null","5.9","2020-09-16","32942285"
"7a91","SARS-CoV-2","Orig","RBD","","ACE2","3.6","2020-09-16","32942285"
"7a5s","SARS-CoV-2","Orig","full","CR3022","","3.9","2020-09-16","33087721"
"7a5r","SARS-CoV-2","Orig","full","CR3022","null","3.7","2020-09-16","33087721"
"7c8d","SARS-CoV-2","Orig","RBD","","","3.0","2020-09-02","33020722"
"6zh9","SARS-CoV-2","null","RBD","CR3022/H11-H4","","3.31","2020-09-02","32661423"
"6xf6","SARS-CoV-2","Orig","full","null","null","4.0","2020-09-02","32742241"
"6xf5","SARS-CoV-2","Orig","full","null","null","3.45","2020-09-02","32742241"
"7jmp","SARS-CoV-2","Orig","RBD","COVA2-39","null","1.71","2020-08-26","32743580"
"7jmo","SARS-CoV-2","Orig","RBD","COVA2-04","null","2.36","2020-08-26","32743580"
"7jjj","SARS-CoV-2","Orig","full","null","null","4.5","2020-08-26","33082295"
"7jji","SARS-CoV-2","Orig","full","null","null","3.6","2020-08-26","33082295"
"7cn9","SARS-CoV-2","Orig","full","null","null","4.7","2020-08-26","32755598"
"6x79","SARS-CoV-2","Orig","full","","null","2.9","2020-08-19","32753755"
"7cah","SARS-CoV-2","Orig","RBD","H014","","3.9","2020-08-12","32703908"
"6xm4","SARS-CoV-2","Orig","full","null","null","2.9","2020-08-12","32637958"
"6xm3","SARS-CoV-2","Orig","full","null","null","2.9","2020-08-12","32637958"
"6xm0","SARS-CoV-2","Orig","full","null","null","2.7","2020-08-12","32637958"
"6xlu","SARS-CoV-2","Orig","full","null","null","2.4","2020-08-12","32637958"
"6zwv","SARS-CoV-2","Orig","full","","null","3.5","2020-08-05","32805734"
"7c02","MERS-CoV","null","RBD","","null","2.91","2020-07-29","32645327"
"6zp7","SARS-CoV-2","Orig","full","","null","3.3","2020-07-29","33063791"
"6zp5","SARS-CoV-2","Orig","full","","null","3.1","2020-07-29","33063791"
"6zow","SARS-CoV-2","Orig","full","","null","3.0","2020-07-29","33063791"
"6zhd","SARS-CoV-2","Orig","full","H11-H4","","3.7","2020-07-29","null"
"6zdg","SARS-CoV-2","Orig","RBD","EY6A","","4.7","2020-07-29","32737466"
"6zbp","SARS-CoV-2","null","RBD","H11-D4","","1.85","2020-07-29","null"
"6xm5","SARS-CoV-2","Orig","full","","null","3.1","2020-07-29","32637958"
"6zp2","SARS-CoV-2","Orig","full","","null","3.1","2020-07-22","32737467"
"6zp1","SARS-CoV-2","Orig","full","","null","3.3","2020-07-22","32737467"
"6zp0","SARS-CoV-2","Orig","full","","null","3.0","2020-07-22","32737467"
"6zoz","SARS-CoV-2","Orig","full","","null","3.5","2020-07-22","32737467"
"6zoy","SARS-CoV-2","Orig","full","","null","3.1","2020-07-22","32737467"
"6zox","SARS-CoV-2","Orig","full","","null","3.0","2020-07-22","32737467"
"6xs6","SARS-CoV-2","Orig","full","","null","3.7","2020-07-22","32991842"
"6xra","SARS-CoV-2","Wild","full","","null","3.0","2020-07-22","32694201"
"6xr8","SARS-CoV-2","Wild","full","","null","2.9","2020-07-22","32694201"
"6xey","SARS-CoV-2","Orig","full","2-4","","3.25","2020-07-22","32698192"
"6xkl","SARS-CoV-2","none","full","","null","3.21","2020-07-15","32703906"
"6zfo","SARS-CoV-2","Orig","RBD","EY6A","","4.4","2020-07-08","32737466"
"6xc7","SARS-CoV-2","Orig","RBD","CR3022/CC12.3","","2.88","2020-07-08","32661058"
"6xc4","SARS-CoV-2","Orig","RBD","CC12.3","","2.34","2020-07-08","32661058"
"6xc3","SARS-CoV-2","Orig","RBD","CR3022/CC12.1","","2.7","2020-07-08","32661058"
"6xc2","SARS-CoV-2","Orig","RBD","CC12.1","","3.11","2020-07-08","32661058"
"7c2l","SARS-CoV-2","Orig","full","4A8","","3.1","2020-07-01","32571838"
"6zgi","SARS-CoV-2","Orig","full","","null","2.9","2020-07-01","32647346"
"6zgh","SARS-CoV-2","Orig","full","","null","6.8","2020-07-01","32647346"
"6zgg","SARS-CoV-2","Orig","full","","null","3.8","2020-07-01","32647346"
"6zgf","BatCoV RaTG13","null","full","","null","3.1","2020-07-01","32647346"
"6zge","SARS-CoV-2","Orig","full","","null","2.6","2020-07-01","32647346"
"6zdh","SARS-CoV-2","Orig","full","EY6A","","3.7","2020-07-01","32737466"
"6z97","SARS-CoV-2","Orig","full","","null","3.4","2020-07-01","32585135"
"6xe1","SARS-CoV-2","Orig","RBD","CV30","","2.75","2020-07-01","32577631"
"6xcn","SARS-CoV-2","Orig","full","C105","","3.66","2020-07-01","32645326"
"6xcm","SARS-CoV-2","Orig","full","C105","","3.42","2020-07-01","32645326"
"7can","SARS-CoV-2","Orig","RBD","MR17-K99Y","","2.94","2020-06-24","null"
"7c8w","SARS-CoV-2","Orig","RBD","MR17","","2.77","2020-06-24","null"
"7c8v","SARS-CoV-2","Orig","RBD","SR4","","2.15","2020-06-24","null"
"6zer","SARS-CoV-2","Orig","RBD","EY6A","","3.8","2020-06-24","32737466"
"6zcz","SARS-CoV-2","Orig","RBD","EY6A/nanobody","","2.65","2020-06-24","32737466"
"6xdg","SARS-CoV-2","none","RBD","REGN10933/REGN10987","","3.9","2020-06-24","32540901"
"7byr","SARS-CoV-2","Orig","full","Ab23","","3.84","2020-06-10","32425270"
"6x6p","SARS-CoV-2","Orig","full","","null","3.22","2020-06-10","32587972"
"7bwj","SARS-CoV-2","Orig","RBD","P2B-2F6","","2.85","2020-06-03","32454513"
"6z43","SARS-CoV-2","Orig","full","H11-D4","","3.3","2020-06-03","null"
"6z2m","SARS-CoV-2","Orig","RBD","CR3022/D4","","2.71","2020-06-03","null"
"6yz7","SARS-CoV-2","null","RBD","CR3022/H11-D4","","3.3","2020-06-03","null"
"6yz5","SARS-CoV-2","Orig","RBD","H11-D4","","1.8","2020-06-03","null"
"6m3w","SARS-CoV","null","fusion peptide","","null","3.9","2020-06-03","32681106"
"7c01","SARS-CoV-2","Orig","RBD","CB6","","2.88","2020-05-27","32454512"
"6x29","SARS-CoV-2","Orig","full","","null","2.7","2020-05-27","32699321"
"6x2c","SARS-CoV-2","none","full","","null","3.2","2020-05-27","32699321"
"6x2b","SARS-CoV-2","none","full","","null","3.6","2020-05-27","32699321"
"6x2a","SARS-CoV-2","none","full","","null","3.3","2020-05-27","32699321"
"6wpt","SARS-CoV-2","Orig","full","S309","","3.7","2020-05-27","32422645"
"6wps","SARS-CoV-2","Orig","full","S309","","3.1","2020-05-27","32422645"
"7bz5","SARS-CoV-2","Orig","RBD","B38","","1.84","2020-05-13","32404477"
"6yor","SARS-CoV-2","Orig","RBD","CR3022","","3.3","2020-04-29","32585135"
"6ym0","SARS-CoV-2","Orig","RBD","CR3022","","4.36","2020-04-29","32585135"
"6yla","SARS-CoV-2","Orig","RBD","CR3022","","2.42","2020-04-15","32585135"
"6war","MERS-CoV","null","RBD","VHH-55","","3.4","2020-04-08","32375025"
"6waq","SARS-CoV","null","RBD","VHH-72","","2.2","2020-04-01","32375025"
"6w41","SARS-CoV-2","Orig","RBD","CR3022","","3.08","2020-03-25","32245784"
"6m0j","SARS-CoV-2","Orig","RBD","","ACE2","2.45","2020-03-18","32225176"
"6lzg","SARS-CoV-2","Orig","RBD","","ACE2","2.5","2020-03-18","32275855"
"6vyb","SARS-CoV-2","Wild","full","","null","3.2","2020-03-11","32155444"
"6vxx","SARS-CoV-2","Wild","full","","null","2.8","2020-03-11","32155444"
"6m17","SARS-CoV-2","Orig","RBD","","ACE2, B0AT1","2.9","2020-03-11","32132184"
"6vsb","SARS-CoV-2","Wild","full","","null","3.46","2020-02-26","32075877"
"6lxt","SARS-CoV-2","none","HR","","null","2.9","2020-02-26","32231345"
"6lvn","SARS-CoV-2","Omicron BA.2","HR","","null","2.47","2020-02-26","null"
"6q07","MERS-CoV","null","full","","null","2.9","2019-12-11","31792450"
"6q06","MERS-CoV","null","full","","null","2.7","2019-12-11","31792450"
"6q05","MERS-CoV","null","full","","null","2.8","2019-12-11","31792450"
"6q04","MERS-CoV","null","full","","null","2.5","2019-12-11","31792450"
"6l8q","MERS-CoV","null","RBD","","bat DPP4","3.1","2019-12-04","31776269"
"6pz8","MERS-CoV","null","full","G2","","4.19","2019-10-09","31553909"
"6pxh","MERS-CoV","null","NTD","G2","","2.3","2019-09-25","31553909"
"6j11","MERS-CoV","null","NTD","7D10","","3.0","2019-07-24","31296843"
"5zvm","SARS-CoV","null","HR","","EK1","3.3","2019-04-10","30989115"
"5zvk","MERS-CoV","null","HR","","EK1","3.31","2019-04-10","30989115"
"6nb7","SARS-CoV","null","full","S230","","4.5","2019-02-06","30712865"
"6nb6","SARS-CoV","null","full","S230","","4.2","2019-02-06","30712865"
"6nb4","MERS-CoV","null","full","LCA60","","3.6","2019-02-06","30712865"
"6nb3","MERS-CoV","null","full","LCA60","","3.5","2019-02-06","30712865"
"6ack","SARS-CoV","null","full","","ACE2","4.5","2018-08-08","30102747"
"6acj","SARS-CoV","null","full","","ACE2","4.2","2018-08-08","30102747"
"6acg","SARS-CoV","null","full","","ACE2","5.4","2018-08-08","30102747"
"6acd","SARS-CoV","null","full","","null","3.9","2018-08-08","30102747"
"6acc","SARS-CoV","null","full","","null","3.6","2018-08-08","30102747"
"5yy5","MERS-CoV","null","RBD","MERS-4V2","","2.8","2018-08-01","29996104"
"5zxv","MERS-CoV","null","RBD","MERS-4","","4.48","2018-07-25","29996104"
"6cs2","SARS-CoV","null","full","","ACE2","4.4","2018-04-11","30356097"
"6cs1","SARS-CoV","null","full","","null","4.6","2018-04-11","30356097"
"6cs0","SARS-CoV","null","full","","null","3.8","2018-04-11","30356097"
"6crz","SARS-CoV","null","full","","null","3.3","2018-04-11","30356097"
"6crx","SARS-CoV","null","full","","null","3.9","2018-04-11","30356097"
"6crw","SARS-CoV","null","full","","null","3.9","2018-04-11","30356097"
"6crv","SARS-CoV","null","full","","null","3.2","2018-04-11","30356097"
"6c6y","MERS-CoV","null","RBD","JC57-14","","3.32","2018-03-07","29514901"
"6c6z","MERS-CoV","null","RBD","CDC2-C2","","2.1","2018-01-31","29514901"
"5xjk","SARS-CoV","null","fusion peptide","","null","null","2017-09-06","28988778"
"5vyh","MERS-CoV","null","NTD","","null","2.0","2017-08-30","28807998"
"5w9p","MERS-CoV","null","full","G4","","4.0","2017-08-16","28807998"
"5w9o","MERS-CoV","null","full","G4","","4.5","2017-08-16","28807998"
"5w9n","MERS-CoV","null","full","G4","","5.0","2017-08-16","28807998"
"5w9m","MERS-CoV","null","full","G4","","4.7","2017-08-16","28807998"
"5w9l","MERS-CoV","null","full","G4","","4.8","2017-08-16","28807998"
"5w9k","MERS-CoV","null","full","G4","","4.6","2017-08-16","28807998"
"5w9j","MERS-CoV","null","full","G4","","4.8","2017-08-16","28807998"
"5w9i","MERS-CoV","null","full","G4","","3.6","2017-08-16","28807998"
"5w9h","MERS-CoV","null","full","G4","","4.0","2017-08-16","28807998"
"5xlr","SARS-CoV","null","full","","null","3.8","2017-06-07","28008928"
"5gmq","MERS-CoV","null","RBD","MCA1","","2.7","2017-05-31","28472421"
"5x59","MERS-CoV","null","full","","null","3.7","2017-05-03","28393837"
"5x58","SARS-CoV","null","full","","null","3.2","2017-05-03","28393837"
"5x5f","MERS-CoV","null","full","","null","4.2","2017-05-03","28393837"
"5x5c","MERS-CoV","null","full","","null","4.1","2017-05-03","28393837"
"5x5b","SARS-CoV","null","full","","null","3.7","2017-05-03","28393837"
"5x4s","SARS-CoV","null","NTD","","null","2.2","2017-05-03","28393837"
"5x4r","MERS-CoV","null","NTD","","null","1.5","2017-05-03","28393837"
"5wrg","SARS-CoV","null","full","","null","4.3","2017-01-11","28008928"
"4zpv","MERS-CoV","null","RBD","D12","","3.2","2015-10-21","26218507"
"4zpt","MERS-CoV","null","RBD","D12","","2.59","2015-10-21","26218507"
"5do2","MERS-CoV","null","RBD","4C2","","2.41","2015-10-14","26391698"
"4zs6","MERS-CoV","null","RBD","MERS-27","","3.17","2015-09-02","26281793"
"4xak","MERS-CoV","null","RBD","m336","","2.45","2015-08-26","26370782"
"4zpw","MERS-CoV","null","RBD","","null","3.02","2015-08-12","26218507"
"2ruo","SARS-CoV","null","fusion peptide","","null","null","2014-11-26","null"
"2run","SARS-CoV","null","TM","","null","null","2014-11-26","null"
"4mod","MERS-CoV","null","HR","","null","1.9","2013-10-09","24067982"
"4l72","MERS-CoV","null","RBD","","DPP4","3.0","2013-08-21","23835475"
"4l3n","MERS-CoV","null","RBD","","null","2.13","2013-07-31","23903833"
"4kr0","MERS-CoV","null","RBD","","DPP4","2.7","2013-07-10","23831647"
"4kqz","MERS-CoV","null","RBD","","null","2.51","2013-07-10","23831647"
"3scl","SARS-CoV","null","RBD","","human-civet chimeric ACE2","3.0","2012-02-08","22291007"
"3sck","SARS-CoV","null","RBD","","human-civet chimeric ACE2","3.0","2012-02-08","22291007"
"3scj","SARS-CoV","null","RBD","","hACE2","3.0","2012-02-08","22291007"
"3sci","SARS-CoV","null","RBD","","hACE2","2.9","2012-02-08","22291007"
"3bgf","SARS-CoV","null","RBD","F26G19","","3.0","2008-12-02","19324051"
"3d0i","SARS-CoV","null","RBD","","human-civet chimeric ACE2","2.9","2008-07-08","18448527"
"3d0h","SARS-CoV","null","RBD","","human-civet chimeric ACE2","3.1","2008-07-08","18448527"
"3d0g","SARS-CoV","null","RBD","","human-civet chimeric ACE2","2.8","2008-07-08","18448527"
"2ghw","SARS-CoV","null","RBD","80R","","2.3","2006-09-19","16954221"
"2ghv","SARS-CoV","null","RBD","","null","2.2","2006-09-19","16954221"
"1zvb","SARS-CoV","null","HR","","null","1.7","2006-05-16","16698550"
"1zv8","SARS-CoV","null","HR","","null","1.94","2006-05-16","16698550"
"1zv7","SARS-CoV","null","HR","","null","1.7","2006-05-16","16698550"
"2dd8","SARS-CoV","null","RBD","m396","","2.3","2006-04-04","16597622"
"2fxp","SARS-CoV","null","HR","","null","null","2006-03-07","16507566"
"2ajf","SARS-CoV","null","RBD","","ACE2","2.9","2005-09-20","16166518"
"1wyy","SARS-CoV","null","HR","null","null","2.2","2005-05-17","15840526"
"2bez","SARS-CoV","null","HR","","null","1.6","2004-12-22","15604146"
"2beq","SARS-CoV","null","HR","","null","1.6","2004-12-22","15604146"
"1wnc","SARS-CoV","null","HR","null","null","2.8","2004-09-07","15345712"
"7sb3","HCoV-OC43","null","full","Fab1","null","3.3","2022-05-04","null"
"7sb4","HCoV-OC43","null","full","Fab2","null","4.7","2022-05-04","null"
"7sb5","HCoV-OC43","null","full","Fab3","null","4.2","2022-05-04","null"
"7sbv","HCoV-OC43","null","full","Fab4","null","3.1","2022-05-04","null"
"7sbw","HCoV-OC43","null","full","Fab5","null","3.2","2022-05-04","null"
"7sbx","HCoV-OC43","null","full","Fab6","null","3.0","2022-05-04","null"
"7sby","HCoV-OC43","null","full","Fab7","null","3.0","2022-05-04","null"
"8y19","HCoV-HKU1","null","full","null","null","2.3","2024-05-01","null"
"8y1a","HCoV-HKU1","null","full","null","null","2.8","2024-05-01","null"
"8y1b","HCoV-HKU1","null","full","null","null","2.8","2024-05-01","null"
"8y1c","HCoV-HKU1","null","full","null","null","2.8","2024-05-01","null"
"8y1d","HCoV-HKU1","null","full","null","TMPRSS2","2.7","2024-05-01","null"
"8y1e","HCoV-HKU1","null","full","null","TMPRSS2","2.7","2024-05-01","null"
"8y1f","HCoV-HKU1","null","full","null","null","2.8","2024-05-01","null"
"8y1g","HCoV-HKU1","null","full","null","null","2.8","2024-05-01","null"
"8y1h","HCoV-HKU1","null","full","null","null","3.16","2024-05-01","null"
"8y7x","HCoV-HKU1","null","full","null","TMPRSS2","3.09","2024-07-17","null"
"8y7y","HCoV-HKU1","null","full","null","TMPRSS2","3.23","2024-07-17","null"
"8y87","HCoV-HKU1","null","full","null","TMPRSS2","3.26","2024-07-17","null"
"8y88","HCoV-HKU1","null","full","null","TMPRSS2","3.03","2024-07-17","null"
"8y89","HCoV-HKU1","null","full","null","TMPRSS2","3.32","2024-07-17","null"
"8y8a","HCoV-HKU1","null","full","null","TMPRSS2","3.19","2024-07-17","null"
"8y8c","HCoV-HKU1","null","full","null","null","2.95","2024-07-17","null"
"8y8d","HCoV-HKU1","null","full","null","null","3.41","2024-07-17","null"
"8y8e","HCoV-HKU1","null","full","null","null","3.07","2024-07-17","null"
"8y8f","HCoV-HKU1","null","full","null","null","3.62","2024-07-17","null"
"8y8g","HCoV-HKU1","null","full","null","null","3.23","2024-07-17","null"
"8y8h","HCoV-HKU1","null","full","null","null","3.65","2024-07-17","null"
"8y8i","HCoV-HKU1","null","full","null","null","3.58","2024-07-17","null"
"8y8j","HCoV-HKU1","null","A,B","null","null","3.57","2024-07-17","null"
"9bsw","HCoV-HKU1","null","full","null","null","2.06","2025-05-14","null"
"9bsx","HCoV-HKU1","null","full","null","9AcGD3","2.37","2025-05-14","null"
"9bsy","HCoV-HKU1","null","full","null","9AcGD3","2.57","2025-05-14","null"
"9bsz","HCoV-HKU1","null","full","null","9AcGD3","2.49","2025-05-14","null"
"9bt0","HCoV-HKU1","null","full","null","null","2.23","2025-05-14","null"
"9bt1","HCoV-HKU1","null","full","null","A1AR1","2.43","2025-05-14","null"
"9bt2","HCoV-HKU1","null","A","null","null","1.93","2025-05-14","null"
"9bta","HCoV-HKU1","null","A","null","9AcGD3","2.39","2025-05-14","null"
"9btb","HCoV-HKU1","null","A","null","9AcGD3","2.33","2025-05-14","null"
"9btc","HCoV-HKU1","null","A","null","9AcGD3","2.41","2025-05-14","null"
"9btd","HCoV-HKU1","null","full","null","9AcGD3","2.43","2025-05-14","null"
"9n12","HCoV-HKU1","null","full","null","9AcGD3","3.18","2025-05-14","null"
"9n14","HCoV-HKU1","null","full","null","9AcGD3","2.43","2025-05-14","null"
"9n16","HCoV-HKU1","null","full","null","null","3.01","2025-05-14","null"
"8sak","BtCoV-422","null","full","JC57-11","null","3.0","2023-10-04","null"
"9d32","BatCoV HKU5","null","RBD","null","bat ACE2","3.10","2025-02-19","null"
"9e0i","BatCoV HKU5-19","null","RBD","null","bovine ACE2","2.40","2025-02-19","null"
"9ea0","BatCoV HKU5-19","null","full","null","null","2.0","2025-02-26","null"
"9eh8","BatCoV HKU5-19","null","full","null","null","2.0","2025-02-26","null"
"8opm","HCoV-HKU1","null","full","null","alpha2,8-linked 9-O-acetylated disialoside","3.7","2023-08-02","null"
"8opn","HCoV-HKU1","null","full","null","alpha2,8-linked 9-O-acetylated disialoside","4.7","2023-08-02","null"
"8opo","HCoV-HKU1","null","full","null","alpha2,8-linked 9-O-acetylated disialoside","3.6","2023-08-02","null"
"6nzk","HCoV-OC43","null","full","null","sialic acid","2.80","2019-06-05","null"
"6ohw","HCoV-OC43","null","full","null","sialic acid","2.90","2019-06-05","null"
"8xym","BatCoV CX1","null","full","null","null","2.74","2025-01-22","null"
"8xyh","BatCoV BANAL-20-52","null","full","null","null","2.50","2025-01-22","null"
"8ohn","HCoV-HKU1","null","full","null","null","3.40","2023-08-02","null"
"9jmf","SA-BatCoV","null","full","null","null","3.10","2025-06-18","null"
"9jmg","EU-HedgehogCoV","null","full","null","null","3.00","2025-06-18","null"
"9jmh","BatCoV HKU25","null","full","null","null","3.00","2025-06-18","null"
"9jmi","CN-HedgehogCoV HKU31","null","full","null","null","3.30","2025-06-18","null"
"9jmm","SE-PangolinCoV MjHKU4r-CoV-1","null","RBD","DPP4","null","2.80","2025-06-18","null"
"9jmn","CN-HedgehogCoV HKU31","null","full","null","null","3.80","2025-06-18","null"
"9jmo","BatCoV Vs-CoV 1","null","full","null","null","2.80","2025-06-18","null"
"9jmp","MERS-like BtCoV/Ii/GD/2014-422","null","full","null","null","3.10","2025-06-18","null"
"9blk","HCoV-OC43","null","full","null","null","3.20","2025-04-23","null"
"8y4a","SARS-CoV-2","Omicron BA.2.86","full","XG2v046","null","3.40","2024-09-11","null"
"8y4c","SARS-CoV-2","Omicron BA.2.86","full","XGv280","null","3.75","2024-09-04","null"
"7po5","HCoV-OC43","null","full","47C9","null","3.90","2022-04-20","null"
"3jcl","MCoV A59","null","full","null","null","4.00","2016-02-03","null"
"6vsj","MCoV A59","null","full","null","CEACAM1","3.94","2020-03-04","null"
"5i08","HCoV-OC43","null","full","null","null","4.04","2016-03-02","null"
"8whs","SARS-CoV-2","Omicron BA.2.86","full","null","hACE2","3.3","2024-07-03","null"
"8whu","SARS-CoV-2","Omicron BA.2.86","full","null","hACE2","3.3","2024-07-03","null"
"8whv","SARS-CoV-2","Omicron BA.2.86","full","null","null","3.32","2024-07-03","null"
"8whw","SARS-CoV-2","Omicron BA.2.86","full","null","null","3.85","2024-07-03","null"
"8whz","SARS-CoV-2","Omicron BA.2.86","RBD","null","hACE2","3.93","2024-06-26","null"
"8x4h","SARS-CoV-2","Omicron JN.1","full","null","null","3.65","2024-07-23","null"
"8x4z","SARS-CoV-2","Omicron BA.2.86","full","null","null","3.40","2024-06-26","null"
"8x50","SARS-CoV-2","Omicron BA.2.86","full","null","null","3.82","2024-06-26","null"
"8x55","SARS-CoV-2","Omicron BA.2.86","full","null","null","3.75","2024-06-26","null"
"8x56","SARS-CoV-2","Omicron BA.2.86","full","null","null","3.93","2024-06-26","null"
"8x5q","SARS-CoV-2","Omicron BA.2.75","full","null","null","3.47","2024-06-26","null"
"8x5r","SARS-CoV-2","Omicron BA.2.75","full","null","null","3.72","2024-06-26","null"
"8xur","SARS-CoV-2","Omicron BA.2.86","full","null","heparan sulfate","3.85","2024-07-03","null"
"8xus","SARS-CoV-2","Omicron JN.1","full","null","heparan sulfate","3.18","2024-07-03","null"
"8xut","SARS-CoV-2","Omicron XBB.1.5","full","null","heparan sulfate","3.20","2024-07-03","null"
"9au2","SARS-CoV-2","Omicron BA.2.86","full","VIR-7229","null","3.10","2024-10-16","null"
"8y16","SARS-CoV-2","Omicron JN.1","full","null","ACE2","2.98","2024-07-03","null"
"8y5j","SARS-CoV-2","Omicron JN.1","full","null","null","2.94","2024-07-03","null"
"8wxl","SARS-CoV-2","Omicron BA.2.86","full","null","null","2.59","2024-10-09","null"
"8xux","SARS-CoV-2","Omicron BA.2.86","full","null","null","3.22","2024-10-09","null"
"8xuy","SARS-CoV-2","Omicron BA.2.86","full","null","ACE2","3.14","2024-10-09","null"
"8xuz","SARS-CoV-2","Omicron BA.2.86","full","null","ACE2","3.05","2024-10-09","null"
"8xv0","SARS-CoV-2","Omicron BA.2.86","RBD","null","ACE2","3.00","2024-10-09","null"
"8xv1","SARS-CoV-2","Omicron BA.2.86","RBD","null","ACE2","3.05","2024-10-09","null"
"8xvm","SARS-CoV-2","Omicron BA.2.86","full","null","ACE2","2.77","2024-10-09","null"
"9iu1","SARS-CoV-2","Omicron JN.1","RBD","null","ACE2","3.05","2024-10-09","null"
"9elf","SARS-CoV-2","Omicron KP.3.11","full","null","ACE2","2.88","2025-05-28","null"
"9elh","SARS-CoV-2","Omicron KP.3.11","full","null","ACE2","2.98","2025-05-28","null"
"9eli","SARS-CoV-2","Omicron KP.3.11","full","null","null","2.82","2025-05-28","null"
"9elj","SARS-CoV-2","Omicron JN.1.11","full","null","null","2.92","2025-06-04","null"
"9elk","SARS-CoV-2","Omicron JN.1.11","full","null","null","2.82","2025-06-04","null"
"9ell","SARS-CoV-2","Omicron JN.1.11","full","null","null","2.93","2025-06-04","null"
"9elm","SARS-CoV-2","Omicron JN.1.11","full","null","null","2.68","2025-06-04","null"
"9eln","SARS-CoV-2","Omicron JN.1.11","full","null","null","2.93","2025-05-28","null"
"9elo","SARS-CoV-2","Omicron JN.1.11","full","null","null","2.74","2025-05-28","null"
"9elp","SARS-CoV-2","Omicron JN.1.11","full","null","null","2.94","2025-05-28","null"
"8wtj","SARS-CoV-2","Omicron XBB.1.5.70","full","null","ACE2","4.64","2023-12-13","null"
"8xlv","SARS-CoV-2","Omicron BA.2.86","full","null","null","3.07","2024-07-03","null"
"8xnf","SARS-CoV-2","Omicron BA.2.86","full","null","hACE2","3.26","2024-07-03","null"
"8z6q","SARS-CoV-2","Omicron XBB.1.16","full","CYFN1006-2","null","5.41","2025-02-12","null"
"8z6r","SARS-CoV-2","Omicron XBB.1.16","full","CYFN1006-2","null","2.87","2025-02-29","null"
"8z6s","SARS-CoV-2","Omicron XBB.1.16","full","CYFN1006-2","null","2.84","2025-02-12","null"
"8z6t","SARS-CoV-2","Omicron XBB.1.16","RBD","CYFN1006-2","null","2.92","2025-02-29","null"
"8z6u","SARS-CoV-2","Omicron EG.5.1","full","CYFN1006-2","null","3.83","2025-02-12","null"
"8z6w","SARS-CoV-2","Omicron EG.5.1","full","CYFN1006-2","null","3.04","2025-02-12","null"
"8z6x","SARS-CoV-2","Omicron EG.5.1","RBD","CYFN1006-2","null","2.96","2025-02-12","null"
"9kt3","SARS-CoV-2","Omicron EG.5.1","full","CYFN1006-2","null","3.63","2025-02-29","null"
"9f9y","SARS-CoV-2","Omicron BA.2.87.1","full","null","null","2.80","2024-08-21","null"
"8i3w","BatCoV BANAL-20-236","null","full","null","null","2.80","2024-01-24","null"
"7bbh","PCoV GD","null","full","null","null","2.90","2020-12-30","null"
"9cas","BatCoV SHC014","null","full","null","null","3.10","2024-12-11","null"
"8wlu","BatCoV SHC014","null","full","null","null","2.87","2024-07-17","null"
"8wly","Bat SL-CoV-WIV1","null","full","null","null","3.96","2024-07-17","null"
"8wlz","Bat SL-CoV-WIV1","null","full","null","hACE2","3.10","2024-07-17","null"
"8zmp","Bat SL-CoV-WIV1","null","full","null","null","3.38","2025-05-28","null"
"8u29","PRD-0038","null","full","null","null","2.80","2023-12-06","null"
"8tc0","Bat SL-CoV-WIV1","null","full","null","null","1.88","2024-05-01","null"
"8tc1","Civet SARS CoV 007","null","full","null","null","1.92","2024-05-01","null"
"8tc5","Civet SARS CoV SZ3","null","full","null","null","2.11","2024-05-15","null"
"8zy0","BtRs-BetaCoV/BtKY72","null","full","null","null","3.45","2025-02-25","null"
"8zy1","BatCoV BM48-31","null","full","null","null","3.10","2025-02-05","null"
"8zy2","BatCoV BANAL-20-52","null","full","null","null","2.90","2025-02-05","null"
"8zy3","BatCoV BANAL-20-236","null","full","null","null","3.30","2025-02-05","null"
"8zy4","BtRs-BetaCoV/YN2013","null","full","null","null","2.53","2025-02-25","null"
"8zy5","BatCoV RmyN02","null","full","null","null","2.80","2025-02-05","null"
"8zy6","BtRs-BetaCoV/GX2013","null","full","null","null","3.30","2025-02-25","null"
"8zy7","BtRf-BetaCoV/HeB2013","null","full","null","null","3.45","2025-02-25","null"
"9d4t","BatCoV HKU5-20","null","full","null","null","2.80","2025-06-04","null"
"7u6r","MERS-like PDF-2180","null","full","null","null","2.50","2022-11-30","null"
"7wpo","NeoCoV","null","RBD","null","Bat37 ACE2","3.50","2022-11-30","null"
"7wpz","MERS-like PDF-2180","null","RBD","null","Bat37 ACE2","3.80","2022-11-30","null"
"9k75","BatCoV BANAL-103","null","full","null","null","3.11","2025-07-16","null"
"7cn8","PCoV-GX","null","full","null","null","2.50","2021-03-03","null"
"7pnm","HCoV-OC43","null","full","46C12","null","3.70","2022-04-20","null"
"7pnq","HCoV-OC43","null","full","43E6","null","3.70","2022-04-20","null"
"7ttm","BatCoV SHC014","null","RBD","10-40","null","2.24","2022-04-27","null"
"7ttx","BatCoV RaTG13","null","RBD","10-40","null","2.80","2022-04-27","null"
"7tty","Bat SL-CoV-WIV1","null","RBD","10-40","null","3.11","2022-05-04","null"
"8wq0","Bat SL-CoV-WIV1","null","full","null","null","2.78","2024-07-17","null"
"9n13","HCoV-HKU1","orig","A","null","null","3.34","2025-05-14","null"
"9n15","HCoV-HKU1","orig","A","null","null","3.20","2025-05-14","null"
"9n17","HCoV-HKU1","orig","A","null","null","3.09","2025-05-14","null"
"9n18","HCoV-HKU1","orig","full","null","null","3.02","2025-05-14","null"
"8c5r","SARS-CoV-2","Omicron B.1.1.529","RBD","null","null","3.70","2024-01-24","null"
"8y8b","HCoV-HKU1","null","A,B","null","TMPRSS2","3.01","2024-07-17","null"
"9bt9","HCoV-HKU1","null","full","null","null","2.11","2025-05-14","null"
"9n19","HCoV-HKU1","null","A","null","null","3.02","2025-05-14","null"
"6vw1","SARS-CoV-2","null","RBD","null","hACE2","2.68","2020-03-04","null"
"7wsg","SARS-CoV-2","null","RBD","null","sealion ACE2","3.03","2022-11-09","null"
"7xby","SARS-CoV-2","Omicron BA.1","RBD","null","equine ACE2","2.85","2022-06-08","null"
"7y75","SARS-CoV-2","Omicron BA.2","RBD","null","hACE2, XTRP3","2.90","2022-11-30","null"
"7y76","SARS-CoV-2","Omicron BA.5","RBD","null","hACE2, SIT1","3.20","2023-01-04","null"
"8wdr","SARS-CoV-2","Omicron BQ.1.1","RBD","null","hACE2","3.47","2024-07-24","null"
"8wds","SARS-CoV-2","Omicron BF.7","RBD","null","hACE2","3.50","2024-07-24","null"
"8wdy","SARS-CoV-2","Omicron BQ.1.1","RBD","null","hACE2","2.69","2024-07-24","null"
"8wdz","SARS-CoV-2","Omicron BQ.1","RBD","null","hACE2","2.71","2024-07-24","null"
"8we0","SARS-CoV-2","Omicron XBB","RBD","null","hACE2","2.80","2024-07-24","null"
"8we1","SARS-CoV-2","Omicron BF.7","RBD","null","hACE2","2.47","2024-07-24","null"
"8wrh","SARS-CoV-2","Omicron XBB.1.5.70","S2","null","hACE2","3.08","2023-11-29","null"
"8wsr","BtSY1","null","S1","null","hACE2","2.99","2024-10-23","null"
"8wtd","SARS-CoV-2","Omicron XBB.1.5.10","S2","null","hACE2","3.06","2023-12-13","null"
"8wyh","SARS-CoV-2","Omicron","RBD","null","ACE2","3.00","2024-11-13","null"
"8xsj","SARS-CoV-2","Omicron BA.4","RBD","IMCAS-316","hACE2","2.61","2024-07-17","null"
"8xuu","SARS-CoV-2","Omicron BA.2.86","A","null","heparan sulfate","3.69","2024-07-03","null"
"8y18","SARS-CoV-2","Omicron JN.1","RBD","null","hACE2","3.04","2024-07-03","null"
"9asd","SARS-CoV-2","Omicron BA.2.86","RBD","VIR-7229","hACE2","3.30","2024-10-16","null"
"9uxd","SARS-CoV-2","null","full","KXD355","null","3.03","2025-07-16","null"
"9uxe","SARS-CoV-2","null","full","KXD355","null","3.17","2025-07-16","null"
"9elq","SARS-CoV-2","Omicron JN.1.11.1","RBD","null","null","2.64","2025-05-28","null"
"9co9","SARS-CoV-2","Omicron JN.1","full","Nanosota-9","null","3.44","2024-11-20","null"
"8qtd","SARS-CoV-2","BA.2.86","S2","XBB-7 Fab","null","3.60","2024-05-08","null"
"8we4","SARS-CoV-2","Omicron XBB.1.5","RBD","S304","hACE2","2.91","2024-07-24","null"
"8xz8","SARS-CoV-2","Omicron BA.2.86","RBD","null","ACE2","3.65","2024-11-13","null"
"8wyj","SARS-CoV-2","Omicron","RBD","S309, SA55","null","3.10","2024-11-13","null"
"8xza","SARS-CoV-2","Omicron BA.2.86","full","null","bovine ACE2","4.07","2024-11-13","null"
"5xgr","BatCoV HKU-5","null","S1 CTD","null","null","2.10","2017-05-10","null"
"3r4d","MCoV A59","null","RBD","null","CEACAM1","3.1","2011-06-22","null"
"4h14","BCoV","null","Lectin","null","null,"1.55","2012-10-31","null"
"8u0t","PRD-0038","null","RBD","null","R. alcyone ACE2","3.20","2023-08-29","null"